,missing_files
0,3640755_2
1,3079476_2
2,3027805_2
3,2807765_2
4,3559229_3
5,3495654_2
6,3624996_2
7,2930040_2
8,3534400_2
9,3471831_2
10,3510779_2
11,2980094_2
12,3438933_2
13,2859886_2
14,3026217_2
15,2787122_2
16,3578344_2
17,3452720_2
18,2857922_2
19,2887744_2
20,3546488_2
21,3473575_2
22,2751196_2
23,3558459_2
24,3101325_2
25,3579186_2
26,3101816_2
27,3459414_2
28,2781629_2
29,3015190_2
30,3007495_2
31,3067141_3
32,2893437_3
33,2883579_2
34,2738423_2
35,2756627_2
36,2852783_2
37,3022275_2
38,3618737_2
39,3536216_2
40,3103535_2
41,3547919_2
42,3614593_2
43,2904313_2
44,2815613_2
45,3018128_2
46,2711654_2
47,3103016_2
48,3097012_2
49,2833570_3
50,3591701_2
51,2903182_2
52,2707905_3
53,2955154_3
54,2984226_2
55,3044030_2
56,3107528_2
57,2766975_2
58,2784617_2
59,2740394_2
60,3580809_2
61,2970555_2
62,3513229_2
63,3471958_2
64,3631999_3
65,2782359_3
66,3079884_2
67,3561873_3
68,3597036_2
69,3095933_2
70,2709573_2
71,2942065_2
72,3637383_2
73,3529072_2
74,2825497_2
75,3052922_2
76,2707246_3
77,3117987_2
78,2702808_2
79,3090554_2
80,3555514_2
81,3547623_3
82,2985644_2
83,2864357_2
84,3468208_2
85,3616706_2
86,3494465_2
87,3488763_2
88,2959619_2
89,2974613_2
90,2989575_2
91,3056749_2
92,2942685_2
93,3457577_2
94,3008172_2
95,3536077_2
96,2694261_2
97,3603701_2
98,3622118_2
99,3519727_2
100,3471987_3
101,2942587_2
102,2694465_2
103,3086781_2
104,2862646_2
105,3535535_2
106,3043846_2
107,3605884_2
108,2802930_2
109,2939538_2
110,2704342_2
111,3069559_2
112,3111436_3
113,3029668_3
114,2958771_2
115,3594175_2
116,2849073_2
117,2806761_2
118,3621682_2
119,2733117_2
120,3573471_2
121,2820408_2
122,2922479_2
123,2818676_2
124,2880080_2
125,2927668_2
126,3580072_2
127,2796791_3
128,3560560_2
129,3077128_2
130,3544897_2
131,3021999_2
132,3094939_2
133,3497978_2
134,3574077_2
135,2516551_2
136,3573876_2
137,2929967_2
138,3034196_2
139,3489367_2
140,3581017_2
141,2972151_2
142,2837089_2
143,2740159_2
144,3491538_2
145,2772330_2
146,3003441_2
147,3464161_2
148,2804918_2
149,2991729_2
150,3586849_2
151,2782951_2
152,2705686_2
153,3589340_2
154,2972130_2
155,3063789_2
156,2946694_2
157,3443116_2
158,3576092_2
159,3520198_2
160,2697092_2
161,3447479_2
162,2726258_2
163,3529518_2
164,3095477_2
165,2808914_2
166,2704591_2
167,2875960_2
168,3489178_2
169,3042730_2
170,2916841_2
171,3068784_2
172,2931138_2
173,3439749_2
174,3603767_2
175,3027990_2
176,3055777_2
177,2867220_2
178,3549117_2
179,2760450_2
180,2709331_3
181,3024883_2
182,3098441_2
183,3506013_2
184,2933425_3
185,3045325_2
186,2905113_2
187,2714317_3
188,3567926_2
189,3628280_2
190,2726701_2
191,2695451_2
192,3055665_2
193,2870710_2
194,2880072_2
195,3509630_2
196,3079650_2
197,2894606_2
198,3472613_2
199,3450707_2
200,2985471_2
201,2777795_2
202,2927668_3
203,3447104_2
204,2720555_2
205,2706679_2
206,2744071_2
207,2756651_2
208,2791901_2
209,3109039_2
210,3518357_2
211,3052023_2
212,2978883_2
213,3000962_2
214,2850786_2
215,2957275_2
216,2831644_3
217,2805269_2
218,2772468_2
219,3478776_2
220,3086430_2
221,3531953_2
222,2772238_3
223,3003844_2
224,2902712_2
225,2728778_2
226,3085359_2
227,3619492_2
228,2814164_2
229,2991124_2
230,2944461_2
231,2878821_2
232,3033913_2
233,3060881_2
234,2762092_2
235,2903007_3
236,3509493_2
237,3416335_2
238,2944733_2
239,3499956_2
240,2901143_2
241,2905604_2
242,3599930_2
243,3586535_2
244,3084783_2
245,2726331_2
246,2748040_2
247,2897256_2
248,3480031_2
249,3472541_2
250,2848592_2
251,3503650_2
252,3468397_2
253,3589226_2
254,3052569_2
255,2829735_2
256,2979561_2
257,2885771_2
258,2811794_2
259,3073475_2
260,3629489_2
261,2793629_2
262,3578955_2
263,2957129_3
264,3044960_2
265,2956917_2
266,3560190_2
267,2754426_2
268,2817511_2
269,3053648_2
270,3664558_2
271,3108007_2
272,3503155_2
273,3518182_2
274,2946407_2
275,3016241_2
276,3637215_2
277,2773020_2
278,3038550_2
279,2768647_2
280,3546791_2
281,2808054_2
282,2697390_3
283,3552299_2
284,3091764_2
285,3491262_2
286,3575997_2
287,2876286_2
288,2734306_2
289,2844484_3
290,3571228_2
291,3028252_2
292,2724537_2
293,2885107_2
294,3545151_2
295,3061588_2
296,3097815_2
297,2973862_2
298,2854371_2
299,2888354_2
300,3500144_2
301,2903007_2
302,3609982_2
303,2824792_2
304,2694856_2
305,2955602_2
306,3442911_2
307,3513311_2
308,2899570_2
309,2975950_2
310,2994466_2
311,2864713_2
312,2806468_2
313,2799574_3
314,2973400_2
315,3509560_3
316,2909192_2
317,3488427_2
318,2876381_2
319,2876715_2
320,3016665_2
321,2960256_2
322,3645623_2
323,2967667_2
324,3642782_2
325,3563706_2
326,3051539_2
327,3474120_2
328,2706033_2
329,3506447_2
330,3008199_2
331,3591090_2
332,2826924_2
333,3636009_2
334,2722642_2
335,3501567_2
336,3526627_2
337,2863581_2
338,3488781_2
339,3636825_2
340,3501062_2
341,3475462_2
342,2842090_2
343,2740950_2
344,3488588_2
345,2983064_2
346,2787837_3
347,2886578_2
348,1367960_2
349,3085045_2
350,2868431_2
351,3513640_2
352,2796699_2
353,3059635_2
354,3480859_2
355,3453891_3
356,3641312_2
357,2895536_2
358,3503298_2
359,2697782_2
360,2836730_2
361,3584526_2
362,3493174_2
363,3547631_3
364,2754792_2
365,2827032_2
366,3592461_2
367,3014922_2
368,3437877_2
369,3516308_2
370,3571451_2
371,3073616_2
372,3470132_3
373,3494537_2
374,2168093_2
375,2877323_3
376,2857460_2
377,3055158_2
378,3562370_2
379,3599927_2
380,3521320_2
381,2713610_2
382,2998141_2
383,3088609_2
384,2750299_2
385,2729739_2
386,2765785_2
387,3566979_2
388,2930503_2
389,3067652_2
390,3445839_2
391,2989639_2
392,3503227_3
393,3034744_2
394,2837151_2
395,3441690_2
396,2921456_2
397,2766134_2
398,3060819_2
399,3602077_2
400,3637546_2
401,2804353_2
402,2705818_2
403,3601825_2
404,2909036_2
405,3059781_2
406,2953941_2
407,3474514_2
408,2987021_2
409,2897495_2
410,3527867_3
411,3483335_2
412,3639882_2
413,2917290_2
414,2714317_2
415,3645561_2
416,2784921_2
417,2799574_2
418,3578094_2
419,2990525_2
420,3438244_2
421,2973190_2
422,2970202_2
423,3607091_2
424,2872692_2
425,2730843_2
426,2837127_2
427,3550062_2
428,3104105_2
429,2977264_2
430,2894942_2
431,2763302_2
432,3490749_2
433,2742576_2
434,3038256_2
435,3510355_2
436,3499071_2
437,2768285_2
438,2838444_2
439,3493759_2
440,3543474_2
441,2998194_2
442,3453127_2
443,2778968_2
444,2846648_2
445,3538633_2
446,3032318_2
447,3564772_2
448,3099174_2
449,2913408_2
450,2939731_2
451,2970004_2
452,2993144_2
453,3086763_2
454,2723576_2
455,3000032_2
456,3599139_2
457,3084112_2
458,3598428_2
459,3012324_2
460,3565001_2
461,3092973_2
462,3037445_2
463,2743236_2
464,3044336_2
465,3099375_2
466,2756142_2
467,3567599_2
468,2735811_2
469,3463817_2
470,3441965_2
471,3595536_2
472,2704445_2
473,3543335_2
474,3004253_2
475,2962853_2
476,3508255_2
477,3093708_2
478,2705664_2
479,2765334_2
480,2946572_2
481,3517174_2
482,2799928_2
483,3473227_2
484,3586657_2
485,2953192_2
486,3532604_2
487,3042958_2
488,2910635_2
489,3038157_2
490,2893385_2
491,2970490_2
492,3051778_2
493,3605847_2
494,3560344_2
495,2979963_2
496,2743035_2
497,3458575_2
498,2757725_3
499,2980053_2
500,3590058_2
501,3591477_2
502,3453584_2
503,2739526_2
504,2832088_2
505,2955073_2
506,2904348_3
507,2914679_2
508,2713793_2
509,2967636_2
510,3612552_2
511,2978632_2
512,2975120_2
513,3548329_2
514,2862531_2
515,3505530_2
516,3075471_2
517,3478149_2
518,2986642_2
519,3104017_2
520,3624707_2
521,2815465_2
522,3054138_2
523,2783677_2
524,2845810_2
525,3062898_2
526,2808000_3
527,2751440_2
528,2917072_2
529,2833732_2
530,3017431_2
531,2979864_2
532,2810100_2
533,2879891_2
534,3607867_2
535,3437560_3
536,2968798_2
537,3033771_2
538,2819481_2
539,2906053_2
540,2739650_2
541,3093124_2
542,2943930_2
543,2761970_2
544,3640902_2
545,3642428_2
546,2803503_2
547,2822670_2
548,2852625_2
549,2960915_3
550,3598753_2
551,3630249_2
552,3540286_2
553,3528974_2
554,2721945_2
555,3578795_2
556,2706578_2
557,2985970_2
558,3118842_2
559,2792697_2
560,3595378_2
561,2827451_2
562,3051471_2
563,2940056_2
564,3094557_2
565,2978349_2
566,3498761_2
567,3034624_2
568,3117438_2
569,3010915_2
570,2722350_2
571,3525101_2
572,3089128_2
573,2992447_2
574,2960596_2
575,3104533_2
576,2938557_2
577,3617398_2
578,3576307_3
579,2906125_2
580,3437125_2
581,2921389_2
582,3497961_3
583,3545752_2
584,3021733_2
585,2767656_2
586,2953539_2
587,2759982_2
588,3641937_2
589,2922384_2
590,3046649_2
591,3464100_2
592,3477491_2
593,2834560_2
594,3643680_2
595,2911676_2
596,2841369_2
597,3580915_2
598,2796838_2
599,3608191_2
600,2716715_2
601,3539283_2
602,2990633_2
603,3465212_2
604,2864081_2
605,2784159_2
606,2803113_3
607,3608016_2
608,3464098_2
609,2877496_2
610,3009121_2
611,2835974_2
612,2858504_2
613,3505137_2
614,3026791_2
615,3039169_2
616,2932551_2
617,3555032_2
618,3022392_2
619,2785418_2
620,3563221_2
621,2765640_2
622,3021037_2
623,2781021_2
624,3052006_2
625,3111071_2
626,2858915_2
627,3102834_2
628,2854121_2
629,3537272_2
630,2910899_2
631,3095861_2
632,2842530_3
633,3472655_2
634,3630319_2
635,2956558_2
636,3098690_2
637,3094075_2
638,3094693_2
639,3046720_2
640,3558157_2
641,2937068_2
642,2863556_2
643,3041177_2
644,3517138_2
645,2731925_2
646,3091134_2
647,3461143_3
648,2824581_2
649,2830799_2
650,3020741_2
651,3594020_2
652,3486680_2
653,3517821_2
654,2858238_2
655,2963707_2
656,2755212_2
657,3114357_2
658,3040112_2
659,3086985_2
660,3533986_2
661,2918526_2
662,3470589_2
663,2961272_2
664,3555557_2
665,2896581_2
666,3640439_2
667,2911141_2
668,3897933_2
669,3632598_2
670,3451287_2
671,2747001_2
672,2886187_2
673,2878948_2
674,2752840_2
675,3083095_2
676,3079859_3
677,2695693_2
678,2879437_2
679,3099489_2
680,3564074_2
681,3084186_2
682,2811591_2
683,3001971_3
684,3512883_2
685,3011453_2
686,2868998_2
687,3596866_2
688,3470144_2
689,2785388_2
690,2957153_2
691,2807934_2
692,2937981_2
693,3620631_2
694,2938211_2
695,3588018_2
696,2920328_2
697,3479292_2
698,2830889_2
699,3492198_2
700,3540639_2
701,3567463_2
702,3014006_2
703,2821261_2
704,2870488_2
705,2844754_2
706,2997804_2
707,3587293_2
708,3521890_2
709,3032022_2
710,2984182_2
711,3023730_2
712,3564878_2
713,3446864_2
714,3041825_2
715,3529809_2
716,2769622_2
717,3503871_2
718,2878142_2
719,3607904_2
720,3015461_2
721,3488276_2
722,2904030_2
723,3050652_2
724,2757075_2
725,2738775_2
726,2978207_2
727,2844644_2
728,2792530_2
729,2850580_2
730,3050090_2
731,2933425_2
732,3083270_2
733,3104318_2
734,3455128_2
735,2703451_2
736,2734129_2
737,2730454_2
738,2995076_2
739,3556800_2
740,2834231_2
741,2877527_3
742,3547849_2
743,3506941_2
744,3116000_2
745,2784211_2
746,2819969_2
747,2913318_2
748,3516689_2
749,3000091_2
750,2803662_2
751,3598014_2
752,2745300_3
753,2870541_2
754,2760115_2
755,3038700_2
756,2940564_2
757,3044458_2
758,2805736_2
759,3475878_2
760,3531845_2
761,2934330_2
762,3636200_2
763,3526344_2
764,2779378_2
765,3607867_3
766,3508350_2
767,2807073_2
768,3440937_2
769,3444040_2
770,3536712_2
771,3589995_2
772,2847294_2
773,2821440_2
774,2998724_2
775,2776588_2
776,2892967_2
777,2865048_2
778,2792984_2
779,3441470_2
780,3605922_3
781,3470692_2
782,3474943_2
783,3492130_2
784,3028918_2
785,2866533_3
786,2997511_2
787,2710655_2
788,3079476_3
789,2933128_2
790,3488790_2
791,2740523_2
792,3061622_2
793,2907069_2
794,3644358_2
795,2764310_2
796,3593638_2
797,2757921_2
798,3037621_2
799,2845494_2
800,3029525_2
801,2727643_2
802,3459927_2
803,2753063_2
804,2731907_2
805,2700562_2
806,2959797_2
807,3000245_2
808,3621233_2
809,3590939_2
810,2914704_3
811,3524602_2
812,3499886_2
813,3096504_2
814,3549161_2
815,3093136_2
816,2976269_2
817,2701533_2
818,3049165_2
819,3472235_2
820,3446898_2
821,3072588_2
822,2877861_2
823,3006633_2
824,3018524_2
825,2879299_2
826,2709182_2
827,2866466_3
828,3571654_2
829,3004938_2
830,2959304_2
831,3083640_2
832,2771167_2
833,2767494_2
834,2706721_2
835,2793991_2
836,3107862_2
837,2973206_2
838,2863909_2
839,3036194_2
840,2942532_2
841,3475701_2
842,2868930_3
843,3456945_2
844,2737438_2
845,3598794_2
846,3637578_2
847,2713433_2
848,2903920_3
849,3115281_2
850,3474003_2
851,2744873_2
852,3473989_2
853,2938531_2
854,3495382_2
855,2989092_2
856,2996943_3
857,3480079_2
858,3543300_2
859,2993467_2
860,3639841_2
861,3616301_2
862,2853955_2
863,2831539_2
864,2883836_2
865,3058740_2
866,3045342_2
867,2886606_2
868,2919368_2
869,2813237_2
870,3640800_2
871,3009465_2
872,2971161_2
873,2769451_2
874,2866022_2
875,3595021_2
876,3032690_2
877,3472316_2
878,3617644_2
879,3623618_2
880,2921548_2
881,2704917_3
882,3449628_2
883,3574039_2
884,2970536_2
885,3094341_2
886,2863740_2
887,2987903_2
888,3053508_2
889,2792628_2
890,3455062_2
891,3572593_2
892,2867096_2
893,3442815_2
894,3105825_2
895,2778767_2
896,2814149_2
897,2761373_2
898,3616911_2
899,2826821_2
900,2942729_2
901,3485803_2
902,2931156_2
903,2997560_2
904,2812420_2
905,2745712_2
906,3615233_2
907,2821732_2
908,2913186_2
909,3060732_2
910,2968682_2
911,2792182_2
912,3457778_2
913,3017011_2
914,3117879_2
915,2725405_2
916,2725091_2
917,3049778_2
918,2936431_2
919,3472011_2
920,3115420_2
921,3614721_2
922,3073372_2
923,3596336_2
924,1997820_2
925,3492584_2
926,2730509_2
927,3464301_2
928,2871260_3
929,2758640_2
930,3566046_2
931,2915346_2
932,3502359_2
933,2809358_2
934,2944142_2
935,2805902_2
936,2781730_2
937,2711234_2
938,3002627_2
939,2777980_2
940,3542701_2
941,3034570_2
942,3493125_2
943,2731352_2
944,2726916_2
945,3015901_2
946,2934828_2
947,2994396_2
948,3590996_2
949,2967028_2
950,3459217_2
951,2920578_3
952,2699623_2
953,3494874_2
954,2882262_2
955,2974570_2
956,2854052_3
957,3554371_2
958,2965924_2
959,2787154_2
960,2939815_2
961,3508568_2
962,2871026_2
963,2823210_2
964,3113262_2
965,3644279_2
966,2903388_2
967,2953274_2
968,3552516_2
969,3603959_2
970,2734947_2
971,2880398_2
972,3085986_2
973,2852429_2
974,2703405_2
975,3080218_2
976,2950406_2
977,2728953_2
978,3525954_2
979,2914345_2
980,3532006_2
981,3036505_2
982,2878214_2
983,2800623_2
984,2703133_2
985,3533045_2
986,3540662_2
987,3606583_2
988,2773522_3
989,3094329_2
990,3621043_2
991,2836216_2
992,2742759_2
993,3512966_2
994,3630696_2
995,2859424_2
996,2848412_2
997,2963813_2
998,3590195_2
999,3485638_2
1000,2729614_2
1001,2959466_2
1002,3012469_2
1003,2963473_2
1004,2995150_2
1005,3048266_2
1006,3457495_3
1007,3014833_2
1008,3441061_2
1009,3572376_2
1010,3574220_2
1011,2954111_2
1012,2910774_2
1013,2962348_2
1014,3636769_2
1015,2881709_2
1016,2791015_2
1017,2813704_2
1018,3582765_2
1019,3030474_2
1020,3027554_2
1021,2804087_3
1022,2807262_2
1023,3561215_2
1024,2905685_2
1025,3528376_2
1026,3613516_2
1027,3056062_2
1028,2719339_2
1029,3638836_2
1030,3029491_2
1031,3529754_2
1032,3540591_2
1033,3007484_2
1034,3067439_2
1035,3617192_2
1036,3020510_2
1037,2855635_2
1038,2915490_2
1039,2957129_2
1040,2994017_2
1041,2787285_2
1042,3616135_2
1043,3597055_2
1044,3067170_2
1045,2940902_2
1046,2952020_2
1047,2764804_2
1048,3603404_2
1049,2769353_2
1050,2852760_2
1051,3602727_2
1052,2812778_2
1053,3539370_2
1054,2811978_2
1055,2803753_2
1056,3118278_2
1057,3104035_2
1058,2735192_2
1059,2748833_2
1060,3587594_2
1061,2950492_2
1062,2974384_2
1063,2738217_2
1064,2791702_2
1065,3040690_2
1066,2848473_2
1067,2831521_2
1068,2714085_2
1069,2971960_2
1070,3481206_2
1071,2702027_2
1072,3493493_2
1073,2760947_2
1074,3438780_2
1075,3096402_3
1076,3077043_2
1077,2922680_2
1078,2835938_2
1079,3545709_2
1080,3070509_2
1081,3037510_2
1082,2885560_2
1083,2985610_2
1084,2788760_2
1085,2718698_2
1086,3506281_2
1087,2833566_2
1088,2733051_2
1089,2780448_2
1090,3496968_2
1091,3585702_3
1092,3084619_2
1093,2938171_2
1094,3083376_2
1095,2906511_2
1096,2931630_2
1097,3095628_2
1098,2969166_2
1099,2947377_2
1100,2772845_2
1101,2848848_2
1102,3476521_2
1103,3634447_2
1104,3024811_3
1105,3065765_2
1106,3576871_2
1107,2732523_2
1108,2726019_2
1109,3094977_2
1110,2910044_3
1111,3454175_2
1112,3471903_2
1113,2706311_2
1114,3071750_2
1115,2889108_2
1116,3610026_2
1117,3586938_2
1118,3607985_2
1119,3097313_2
1120,2950423_2
1121,3068265_2
1122,3554406_2
1123,3587856_2
1124,3562184_2
1125,3058779_2
1126,3595335_2
1127,3031324_2
1128,2840476_2
1129,3467756_2
1130,2866470_2
1131,3491218_2
1132,2798540_2
1133,3105856_2
1134,2927243_2
1135,2922254_2
1136,2802636_2
1137,3088129_2
1138,2820869_2
1139,2758535_2
1140,2926471_2
1141,3555228_2
1142,3011752_2
1143,3611074_2
1144,2907184_2
1145,2793077_2
1146,3596911_2
1147,2714910_2
1148,3091490_2
1149,3074748_2
1150,3464117_2
1151,2925056_2
1152,2766567_2
1153,3074933_2
1154,3054358_2
1155,3525696_2
1156,2912279_2
1157,3604671_3
1158,2911115_2
1159,3488867_2
1160,3041492_2
1161,2780785_2
1162,2791511_2
1163,3061707_2
1164,2160282_2
1165,3634099_2
1166,3075067_2
1167,2862473_2
1168,3541478_2
1169,2924540_2
1170,3066057_2
1171,2852236_2
1172,2703133_3
1173,3632007_2
1174,3072091_2
1175,3008544_2
1176,3483567_2
1177,3061003_2
1178,2907774_2
1179,2872827_2
1180,2770525_2
1181,3492810_2
1182,3598917_2
1183,2734549_3
1184,3454229_2
1185,2869650_2
1186,1435530_2
1187,2994415_2
1188,2925800_2
1189,2773721_2
1190,3482007_2
1191,3603701_3
1192,3035592_2
1193,3606082_2
1194,3543407_2
1195,2961201_2
1196,2908237_2
1197,3075504_2
1198,3049908_2
1199,3584816_2
1200,2888300_2
1201,3590315_2
1202,3033759_2
1203,3640755_3
1204,2857476_2
1205,3578008_2
1206,3452818_2
1207,3066088_2
1208,2935906_2
1209,2699688_2
1210,3043598_2
1211,2900887_2
1212,2876677_2
1213,3493948_2
1214,2875779_2
1215,3039631_2
1216,2788832_2
1217,2801004_2
1218,3504102_2
1219,3516308_3
1220,3459890_2
1221,2962633_2
1222,3095450_2
1223,2771868_2
1224,2704591_3
1225,2800253_2
1226,3074713_2
1227,3466489_2
1228,3485482_2
1229,2768178_2
1230,2996116_2
1231,2723082_2
1232,3618895_2
1233,1288497_2
1234,2833246_2
1235,2975473_2
1236,2870200_2
1237,2706352_2
1238,2903450_2
1239,2856404_2
1240,2709081_2
1241,3087082_2
1242,3617330_2
1243,3082001_3
1244,3009254_2
1245,3588958_2
1246,2970085_2
1247,3005247_3
1248,2993851_2
1249,3532737_2
1250,2890824_2
1251,2848904_2
1252,2988395_2
1253,3620253_2
1254,2778748_2
1255,3117751_2
1256,2978675_2
1257,3485339_2
1258,1186942_2
1259,2711836_2
1260,3441321_2
1261,3034431_2
1262,3615004_2
1263,3456894_2
1264,2932645_2
1265,3096700_2
1266,3479673_2
1267,3004360_2
1268,3516405_2
1269,3554881_2
1270,3535455_2
1271,2805063_2
1272,2828352_2
1273,3487334_2
1274,3044491_2
1275,3434663_2
1276,2954335_2
1277,2767482_2
1278,2351223_2
1279,3402294_2
1280,2962403_2
1281,3442684_2
1282,3603323_2
1283,2722035_2
1284,2788568_2
1285,3030474_3
1286,2815368_2
1287,2863432_2
1288,2934099_2
1289,3096157_2
1290,3521699_2
1291,3069783_2
1292,2999018_2
1293,2924133_2
1294,3047996_2
1295,2703195_2
1296,2763162_2
1297,3450904_2
1298,3615176_2
1299,2940609_2
1300,2721458_2
1301,2706679_3
1302,2773020_3
1303,3068037_2
1304,3456444_3
1305,3636973_2
1306,2698809_2
1307,3063908_2
1308,3471524_2
1309,3038256_3
1310,3643732_3
1311,2966169_2
1312,3454578_2
1313,2951880_2
1314,2859499_2
1315,3060655_2
1316,2956833_2
1317,2926013_2
1318,2986559_2
1319,3549542_2
1320,2965375_2
1321,3110422_2
1322,3078636_2
1323,3550393_2
1324,2897207_2
1325,3017758_2
1326,3096402_2
1327,2878332_2
1328,3006808_2
1329,3038941_2
1330,3550857_2
1331,3564527_2
1332,2982168_2
1333,2746086_2
1334,2696170_2
1335,2796553_2
1336,2870787_2
1337,2923961_2
1338,2884273_2
1339,3435636_2
1340,2745004_2
1341,3631489_2
1342,3557363_2
1343,3019772_2
1344,3013341_2
1345,3037946_2
1346,2991381_2
1347,2808000_2
1348,2819840_2
1349,3559535_2
1350,2828467_2
1351,3490910_2
1352,2813126_3
1353,3437698_2
1354,3514533_2
1355,3118807_2
1356,2723552_2
1357,3461825_2
1358,2868289_2
1359,3000939_2
1360,2850021_2
1361,3011321_2
1362,2977868_2
1363,2800593_2
1364,3109043_2
1365,2792854_2
1366,2906417_2
1367,2739264_2
1368,2810909_2
1369,3535169_2
1370,2939829_2
1371,3598411_2
1372,2875135_2
1373,2905737_2
1374,3033545_2
1375,3108063_2
1376,3049811_2
1377,3581441_2
1378,2940081_2
1379,2827622_2
1380,3540978_2
1381,3441054_2
1382,3058250_2
1383,2913236_2
1384,3107877_2
1385,3636582_2
1386,3094498_2
1387,3093677_2
1388,2959923_3
1389,3437560_2
1390,2739544_2
1391,2869088_2
1392,3076638_2
1393,3064513_2
1394,3497434_2
1395,3514248_2
1396,2949430_2
1397,2992067_2
1398,3475357_2
1399,3105842_2
1400,3449137_2
1401,2915050_2
1402,2852385_2
1403,2808810_2
1404,3567004_2
1405,2973597_2
1406,3628078_3
1407,3571159_2
1408,2903074_2
1409,2900255_2
1410,2751699_2
1411,3526070_2
1412,2873970_2
1413,3043258_2
1414,2829521_2
1415,3589861_2
1416,2869618_2
1417,3075157_2
1418,2747778_2
1419,2909658_2
1420,2742029_2
1421,2775863_2
1422,2818392_2
1423,3614110_2
1424,3053791_2
1425,2935547_2
1426,2984846_2
1427,2802479_2
1428,3542586_2
1429,3600022_2
1430,3452649_2
1431,2705698_2
1432,2831908_2
1433,3523971_2
1434,3548147_2
1435,2703592_2
1436,3552127_2
1437,2820164_2
1438,2960860_2
1439,2749699_2
1440,3496074_2
1441,3012204_2
1442,2994642_2
1443,3591323_2
1444,3031909_2
1445,2899246_2
1446,2974293_2
1447,3462077_2
1448,3522786_2
1449,3594169_2
1450,3040810_2
1451,3441255_2
1452,2769075_2
1453,3514198_2
1454,2697978_2
1455,2848297_2
1456,2827209_2
1457,2736776_2
1458,2736571_2
1459,3029005_2
1460,2759700_2
1461,2982003_2
1462,3451306_2
1463,3546582_2
1464,3638661_2
1465,3109599_2
1466,2731614_2
1467,3502097_2
1468,3482194_2
1469,3032547_2
1470,3009825_2
1471,2809446_2
1472,3020023_2
1473,3606138_2
1474,3107478_2
1475,2865543_2
1476,2851372_2
1477,2874128_2
1478,2894282_2
1479,3095042_2
1480,3513679_3
1481,2793536_3
1482,2913776_2
1483,2732635_2
1484,3506188_2
1485,3107332_2
1486,2997821_2
1487,3623895_2
1488,2743318_2
1489,2820642_2
1490,2733590_2
1491,2833726_2
1492,3600089_2
1493,3632748_2
1494,3612082_2
1495,3606768_2
1496,3553478_2
1497,2819176_2
1498,2718435_2
1499,3055679_2
1500,3088835_2
1501,2743979_2
1502,3607184_2
1503,2872110_2
1504,3115852_2
1505,2884847_2
1506,3107257_2
1507,2838372_2
1508,2963252_2
1509,2736339_2
1510,2889042_2
1511,3478248_2
1512,2959164_2
1513,2738998_2
1514,3112120_2
1515,3454059_2
1516,3447139_3
1517,3103241_2
1518,2924939_2
1519,2730037_2
1520,3037023_2
1521,3634543_2
1522,3469468_2
1523,3496800_2
1524,2858518_2
1525,2816026_2
1526,2915903_2
1527,2915128_2
1528,3614187_2
1529,2862918_2
1530,3576922_2
1531,3482194_3
1532,2837127_3
1533,3486927_2
1534,3595501_2
1535,3517759_2
1536,2845988_2
1537,3526422_2
1538,3579940_2
1539,3055718_2
1540,2737247_2
1541,3041964_2
1542,2764913_2
1543,3442976_2
1544,3584868_2
1545,2723733_2
1546,2740622_2
1547,2934562_2
1548,2957269_2
1549,3636217_2
1550,2989298_2
1551,2718041_2
1552,2972681_2
1553,3563189_2
1554,2787487_2
1555,2861919_2
1556,3070053_2
1557,2809999_2
1558,2866584_2
1559,2908830_2
1560,3554624_2
1561,3098054_2
1562,2702399_2
1563,2757514_2
1564,3555725_2
1565,3012695_2
1566,3633145_2
1567,2794754_2
1568,3539899_2
1569,2967368_2
1570,2786364_2
1571,3447624_2
1572,3578747_2
1573,2965489_2
1574,2987969_2
1575,2889365_2
1576,2869917_2
1577,3540307_2
1578,2724703_2
1579,3033454_2
1580,2956101_2
1581,2871260_2
1582,2865691_2
1583,2714958_2
1584,3481686_2
1585,3021534_2
1586,3093338_2
1587,3264539_2
1588,3616581_2
1589,3111383_2
1590,3445387_2
1591,3545625_2
1592,2983426_2
1593,3599838_2
1594,3091751_2
1595,2733602_2
1596,2791534_2
1597,3539738_2
1598,3021924_2
1599,3077050_2
1600,3578759_2
1601,2709652_2
1602,3110509_2
1603,2877512_2
1604,3611129_2
1605,2927324_2
1606,3478304_2
1607,3003318_2
1608,3060118_2
1609,3575620_2
1610,3447726_3
1611,3635760_2
1612,3452446_2
1613,3560326_2
1614,3062095_2
1615,2909067_2
1616,3591889_2
1617,2901465_2
1618,2880845_2
1619,2890654_2
1620,3057105_2
1621,2850389_2
1622,2771917_2
1623,2851911_2
1624,3068759_2
1625,3508826_2
1626,2866745_2
1627,3113590_2
1628,3491100_2
1629,3041624_2
1630,3559383_2
1631,3015332_2
1632,2786860_2
1633,3494951_2
1634,3024811_2
1635,3097064_2
1636,3043166_2
1637,2776540_2
1638,2949133_2
1639,2850004_3
1640,3047069_2
1641,3111589_2
1642,2717462_2
1643,2803954_2
1644,3481094_2
1645,2794416_2
1646,2785598_2
1647,2946043_2
1648,3029870_2
1649,2878454_2
1650,2828535_2
1651,3633730_2
1652,3560310_2
1653,2868200_2
1654,3611291_2
1655,2698941_2
1656,3100731_3
1657,3117109_2
1658,3541478_3
1659,3007495_3
1660,3064295_2
1661,3477829_2
1662,3041083_2
1663,2843284_3
1664,3090692_2
1665,2751479_3
1666,2770221_2
1667,3461028_2
1668,3547942_2
1669,3073487_2
1670,2862133_2
1671,3624985_2
1672,2944015_2
1673,2822969_2
1674,2996813_2
1675,2728386_3
1676,3544192_3
1677,2817877_2
1678,2880577_2
1679,2715792_2
1680,3474588_2
1681,3589916_2
1682,3500589_2
1683,2996394_3
1684,2766666_2
1685,2750000_2
1686,3460304_2
1687,3567670_2
1688,3472964_2
1689,1680064_2
1690,3017601_3
1691,2929279_2
1692,3602317_2
1693,3572743_2
1694,2996943_2
1695,3004640_2
1696,2815368_3
1697,2791795_2
1698,3435986_2
1699,2771591_2
1700,3107784_2
1701,2823724_2
1702,2997649_2
1703,2860375_2
1704,2732742_2
1705,2699665_2
1706,2884497_2
1707,2788236_2
1708,2727708_2
1709,2883498_2
1710,2797472_2
1711,3453321_2
1712,2726477_2
1713,3483389_2
1714,3616122_2
1715,2908886_3
1716,2694118_2
1717,3630715_2
1718,3067628_2
1719,3108210_2
1720,3474252_2
1721,3053998_2
1722,2761207_2
1723,2941036_2
1724,3537875_2
1725,3494045_2
1726,2905023_2
1727,3562693_2
1728,2861830_2
1729,3575239_2
1730,3038114_3
1731,3072147_2
1732,3599083_2
1733,3624523_2
1734,2873585_2
1735,2707998_2
1736,3073538_2
1737,3607116_2
1738,2717306_3
1739,3564379_2
1740,2756576_2
1741,3487169_2
1742,2805232_2
1743,2836109_2
1744,3442100_2
1745,3465946_2
1746,3597484_2
1747,3058731_2
1748,3582556_2
1749,2890943_2
1750,2925611_2
1751,3593164_2
1752,2920907_2
1753,3047486_2
1754,2906612_2
1755,2835750_2
1756,2933991_2
1757,3508891_2
1758,2880539_2
1759,3436592_2
1760,3602991_3
1761,3009601_2
1762,3629461_2
1763,3080507_2
1764,3639976_2
1765,2854289_2
1766,2890430_2
1767,3060423_3
1768,3533838_2
1769,3497155_2
1770,3498778_2
1771,3463748_2
1772,3558471_2
1773,2968751_2
1774,3576526_2
1775,2750321_2
1776,3067846_2
1777,2914886_2
1778,3472196_2
1779,3544929_2
1780,2716544_2
1781,2896853_2
1782,3612417_2
1783,2965649_2
1784,2747471_2
1785,2885008_2
1786,2715538_2
1787,2912885_2
1788,3590315_3
1789,3018284_2
1790,3525741_2
1791,3458199_2
1792,2701201_2
1793,3531970_2
1794,2701826_2
1795,2982600_2
1796,2784147_2
1797,2724118_2
1798,3457761_2
1799,2746671_2
1800,3574857_2
1801,3507659_2
1802,3524684_2
1803,3597915_2
1804,2811172_3
1805,2814533_2
1806,3461998_2
1807,3577984_2
1808,3459083_2
1809,2706849_2
1810,3512238_2
1811,2715221_2
1812,2819317_2
1813,2850268_2
1814,3103383_2
1815,2702668_2
1816,3622479_2
1817,3472384_2
1818,2746590_2
1819,3464945_2
1820,3446704_3
1821,2816996_2
1822,2700281_2
1823,3036530_2
1824,2947607_2
1825,3110214_2
1826,2999806_3
1827,3466125_2
1828,2927581_2
1829,2993777_2
1830,3600992_2
1831,2955837_2
1832,3564889_2
1833,3101172_3
1834,3481771_2
1835,3502278_2
1836,3012574_2
1837,2807590_2
1838,3644257_2
1839,3463226_2
1840,3012928_2
1841,3108755_2
1842,3569677_2
1843,3583962_2
1844,2983928_2
1845,2830166_2
1846,2727445_2
1847,3441887_2
1848,2771604_2
1849,2879362_2
1850,3490910_3
1851,3476242_2
1852,2915134_2
1853,2899009_2
1854,3023152_2
1855,3537957_2
1856,2782838_2
1857,3578839_3
1858,3619613_2
1859,3029668_2
1860,3496287_2
1861,2894777_2
1862,2732707_2
1863,2867751_2
1864,3577971_2
1865,3591530_2
1866,2739954_2
1867,2894561_2
1868,2892156_2
1869,3512585_2
1870,2695719_2
1871,2840715_2
1872,3024192_2
1873,2953305_2
1874,2977729_3
1875,2870293_2
1876,2806242_2
1877,3016144_2
1878,3438019_2
1879,3437664_2
1880,3076906_2
1881,3459261_2
1882,3441728_2
1883,2847016_2
1884,2964794_2
1885,3046545_2
1886,2834818_2
1887,2985982_2
1888,2793389_2
1889,3448580_2
1890,2860400_2
1891,3625995_2
1892,2740985_2
1893,3590506_2
1894,2746073_2
1895,2833009_2
1896,3057516_2
1897,3037460_2
1898,2694150_2
1899,3471987_2
1900,3110454_3
1901,2841627_2
1902,2763320_2
1903,3102327_2
1904,3562260_2
1905,3030653_2
1906,2805959_2
1907,2886812_2
1908,3054240_2
1909,3513169_2
1910,3569040_2
1911,3523916_2
1912,2837869_2
1913,3096915_2
1914,3629310_2
1915,3479310_2
1916,3116151_2
1917,2816977_2
1918,2860843_2
1919,3543393_2
1920,3632609_2
1921,2811696_2
1922,2948117_2
1923,3443738_2
1924,3085787_2
1925,2805404_2
1926,3607514_2
1927,3454623_2
1928,2964307_2
1929,3604976_2
1930,3488531_2
1931,3643488_2
1932,2695308_2
1933,3541673_2
1934,2831072_2
1935,3117335_2
1936,3611609_2
1937,2743441_2
1938,3099400_2
1939,3061836_2
1940,2975600_2
1941,3011656_2
1942,2823063_2
1943,3540591_3
1944,3068545_2
1945,3545776_2
1946,2818889_2
1947,3512114_2
1948,3495473_2
1949,2929716_2
1950,3116681_2
1951,3020802_2
1952,2762342_2
1953,3087265_2
1954,3485887_2
1955,2838757_2
1956,3642954_2
1957,2794994_2
1958,3083919_2
1959,2829585_2
1960,2948574_2
1961,2950347_2
1962,2918532_2
1963,3062873_2
1964,2952270_2
1965,2909735_2
1966,3520869_2
1967,3570529_3
1968,3555939_2
1969,2796143_2
1970,3051131_2
1971,1227173_2
1972,2788112_2
1973,2969676_2
1974,3542269_2
1975,3007675_2
1976,3051735_2
1977,3616866_2
1978,3549765_2
1979,3046768_2
1980,2700123_2
1981,3575934_2
1982,2727871_2
1983,3438019_3
1984,3442983_2
1985,3101569_2
1986,3578686_2
1987,3057891_2
1988,3021223_2
1989,3027762_2
1990,3613035_2
1991,3533235_2
1992,2712253_2
1993,2738930_2
1994,3005300_2
1995,2714259_2
1996,2990221_2
1997,3043056_2
1998,2775028_3
1999,3503544_2
2000,2782787_2
2001,3543572_2
2002,3933574_2
2003,2974791_2
2004,3066587_2
2005,3095984_2
2006,3578094_3
2007,3502347_2
2008,3027480_2
2009,3027266_2
2010,1636512_2
2011,3433739_2
2012,2707222_2
2013,2852236_3
2014,3054576_2
2015,3005463_2
2016,2965885_2
2017,3606843_2
2018,2964737_2
2019,3094087_2
2020,2857503_2
2021,3578627_2
2022,2750810_2
2023,3474341_2
2024,3547253_2
2025,2841545_2
2026,2842817_2
2027,2799808_2
2028,3465770_2
2029,3634080_2
2030,3568703_2
2031,3523995_2
2032,3623411_2
2033,3631862_2
2034,3609908_2
2035,2837130_2
2036,3483903_3
2037,2886739_2
2038,3057844_2
2039,3435104_2
2040,3046400_2
2041,3086370_3
2042,3059449_2
2043,3522513_2
2044,3444917_2
2045,3103208_2
2046,2943636_2
2047,3070605_2
2048,2885231_2
2049,3467689_3
2050,2977452_2
2051,2779567_3
2052,3011046_2
2053,3066264_2
2054,2828144_2
2055,2945424_2
2056,2988217_2
2057,2916154_2
2058,2736734_2
2059,3057568_2
2060,3590209_2
2061,3616792_2
2062,3510909_2
2063,3037526_2
2064,2765383_2
2065,3103237_2
2066,2865263_2
2067,3605092_2
2068,3488473_2
2069,3593408_2
2070,2879429_2
2071,2935198_2
2072,2944747_2
2073,2748569_2
2074,2785628_2
2075,2773413_2
2076,2764913_3
2077,3037101_2
2078,2771428_2
2079,2820988_2
2080,3035855_2
2081,2902888_2
2082,3516899_2
2083,3114323_2
2084,2986213_2
2085,2773144_2
2086,3088611_2
2087,2918124_2
2088,3619825_2
2089,2778564_2
2090,3544809_2
2091,3047725_2
2092,3644913_3
2093,2994810_2
2094,2894084_2
2095,2867456_2
2096,2767709_3
2097,3586657_3
2098,2880521_2
2099,3523713_2
2100,3544179_2
2101,2793536_2
2102,3081729_2
2103,3460248_2
2104,2990073_2
2105,2963252_3
2106,3059427_2
2107,2847640_2
2108,2771065_2
2109,3109831_2
2110,3470455_2
2111,3517358_2
2112,3095878_2
2113,3454688_2
2114,2933682_2
2115,3031218_2
2116,2922200_2
2117,2930544_2
2118,2744455_2
2119,2914110_2
2120,2697390_2
2121,2953238_2
2122,2907370_3
2123,2859191_2
2124,3507221_2
2125,2998056_2
2126,3024099_2
2127,3065178_2
2128,2821185_2
2129,3625660_2
2130,3102433_2
2131,2750127_2
2132,2914743_2
2133,3610756_2
2134,3455751_2
2135,2903598_2
2136,2812834_2
2137,3643371_2
2138,3535071_2
2139,2899200_3
2140,3561241_2
2141,2706623_2
2142,2820396_2
2143,3518418_2
2144,2830443_2
2145,2895085_2
2146,3020006_2
2147,2935728_2
2148,2892818_2
2149,2976628_2
2150,2816498_2
2151,2845127_2
2152,2698691_2
2153,3631190_3
2154,2733372_2
2155,2763986_2
2156,2754952_2
2157,2874773_2
2158,3446688_2
2159,3536806_2
2160,3497409_2
2161,2852000_2
2162,3459414_3
2163,3544192_2
2164,2820494_2
2165,3597632_2
2166,2886827_2
2167,2762729_2
2168,2745857_2
2169,3015936_2
2170,3568819_2
2171,2974508_2
2172,2923782_2
2173,3515293_2
2174,2727544_2
2175,3513360_2
2176,2919732_2
2177,2928201_2
2178,3626386_2
2179,3527069_2
2180,2838178_2
2181,3088007_2
2182,2817686_2
2183,2698207_2
2184,2705804_2
2185,3461951_2
2186,3624899_2
2187,3636045_2
2188,3056259_2
2189,2944720_2
2190,2864676_2
2191,3610617_2
2192,2936384_2
2193,3496701_2
2194,3046478_2
2195,2758739_3
2196,3046560_2
2197,2899479_2
2198,3043701_2
2199,3540374_2
2200,3026973_3
2201,2997138_2
2202,3034052_2
2203,3533529_2
2204,2969549_2
2205,3582945_3
2206,3600642_2
2207,3024970_2
2208,3114800_2
2209,3080146_2
2210,3056705_2
2211,3460711_2
2212,2991079_2
2213,2707986_2
2214,3639757_2
2215,3054240_3
2216,3442731_2
2217,2786860_3
2218,3516168_2
2219,2796200_2
2220,3513907_2
2221,3579607_2
2222,2855689_2
2223,3568217_2
2224,3559071_2
2225,3536096_2
2226,2755961_2
2227,3051471_3
2228,3095736_2
2229,2909717_2
2230,3106848_2
2231,2951366_2
2232,2952907_2
2233,3444696_2
2234,3581642_2
2235,2998291_2
2236,3436211_2
2237,3087303_2
2238,3077442_2
2239,2849945_2
2240,2729068_2
2241,3489525_2
2242,2735562_2
2243,3573106_2
2244,3082852_2
2245,3473014_2
2246,3548260_2
2247,3598006_2
2248,2739708_3
2249,2933926_2
2250,3452999_2
2251,2819202_2
2252,3582193_2
2253,3046649_3
2254,2896714_2
2255,2769003_2
2256,3487328_2
2257,2705066_2
2258,2738964_2
2259,2759290_3
2260,3090253_2
2261,2748802_2
2262,3083990_2
2263,3465766_2
2264,2730008_2
2265,3482767_2
2266,3020452_2
2267,3434520_2
2268,2705768_2
2269,2947803_2
2270,2982622_2
2271,3075305_3
2272,2820112_2
2273,3594436_2
2274,3039455_2
2275,2811148_2
2276,2967881_2
2277,3046768_3
2278,2741194_2
2279,3442410_2
2280,2881516_2
2281,2699593_2
2282,3012444_2
2283,3547631_2
2284,2910069_2
2285,3462798_2
2286,2757353_2
2287,2913035_2
2288,3037503_2
2289,3496392_2
2290,2839087_2
2291,3555790_2
2292,2968062_2
2293,2987062_2
2294,2705369_2
2295,3016397_2
2296,3621490_2
2297,3628078_2
2298,2993241_2
2299,3067772_2
2300,2737284_2
2301,3552584_2
2302,3004517_2
2303,2934562_3
2304,2822043_2
2305,3527171_2
2306,3520408_2
2307,2996523_2
2308,3455085_2
2309,3510243_2
2310,3045816_2
2311,2842551_2
2312,3468345_2
2313,2932968_2
2314,2837940_2
2315,2856275_2
2316,3436867_2
2317,1179642_2
2318,3606901_2
2319,3602284_2
2320,2928173_2
2321,2705552_2
2322,2714247_2
2323,3071020_2
2324,3537914_2
2325,3028075_2
2326,3613093_2
2327,2888407_2
2328,2840587_2
2329,2941349_2
2330,3583171_2
2331,2749998_2
2332,3576409_2
2333,3006647_2
2334,3630544_3
2335,3072523_2
2336,2798678_2
2337,2769678_2
2338,2754841_2
2339,3531778_2
2340,3559376_2
2341,2916792_2
2342,3532587_2
2343,3529024_2
2344,2922320_2
2345,2995930_2
2346,2851336_2
2347,3026222_2
2348,3026492_2
2349,2897140_3
2350,3012355_2
2351,2716381_2
2352,2978746_2
2353,3441642_2
2354,2707905_2
2355,2834163_3
2356,2833726_3
2357,2871464_2
2358,3054156_2
2359,3642101_2
2360,2887758_2
2361,3580484_2
2362,3629292_2
2363,3039796_2
2364,2782359_2
2365,2745109_2
2366,2799475_2
2367,3606206_2
2368,3100757_2
2369,3546613_2
2370,3584685_2
2371,2997070_2
2372,2950807_2
2373,3642946_2
2374,2720670_2
2375,3497868_2
2376,2974034_2
2377,2980597_2
2378,2983525_2
2379,3094996_2
2380,2912292_2
2381,2982430_3
2382,3497503_2
2383,2717056_2
2384,3035661_2
2385,3005840_2
2386,2696462_2
2387,3088226_2
2388,3444298_2
2389,2694655_2
2390,3053359_2
2391,2940443_3
2392,2996836_2
2393,3115080_2
2394,2956286_2
2395,3574004_2
2396,2767625_2
2397,3528270_2
2398,3614535_2
2399,3074748_3
2400,2897596_2
2401,3095331_2
2402,2843111_2
2403,2876510_2
2404,2842947_2
2405,3114331_2
2406,3478752_2
2407,2995570_2
2408,3494998_2
2409,2711801_2
2410,2856129_3
2411,3118667_2
2412,3492844_3
2413,2972272_3
2414,3604049_2
2415,2930639_2
2416,3021980_2
2417,2756967_2
2418,3547169_2
2419,2903232_2
2420,3542042_2
2421,3448268_2
2422,3602490_2
2423,2736173_2
2424,3442684_3
2425,2726878_2
2426,2920942_2
2427,2875005_2
2428,2695943_3
2429,3010603_2
2430,3061918_2
2431,3498937_2
2432,2852224_2
2433,2778291_2
2434,3103016_3
2435,2711245_2
2436,3046771_2
2437,2891287_2
2438,2718190_2
2439,3544312_2
2440,3626165_2
2441,2813095_2
2442,3006706_2
2443,2921615_2
2444,2808093_3
2445,3028790_2
2446,2871473_2
2447,3040760_2
2448,2827464_2
2449,3028091_2
2450,3466759_2
2451,2758704_2
2452,3022439_3
2453,2908169_2
2454,3581017_3
2455,2948574_3
2456,3618363_2
2457,3004535_3
2458,2926468_2
2459,3621670_2
2460,3441965_3
2461,2794106_2
2462,3078320_2
2463,3508571_2
2464,2799757_3
2465,2936139_2
2466,3639976_3
2467,2856611_2
2468,3555531_2
2469,3113487_2
2470,3609402_2
2471,2998019_2
2472,3577081_2
2473,2764265_2
2474,2823611_2
2475,3003940_2
2476,3484669_2
2477,2884587_2
2478,3500739_2
2479,2755737_2
2480,2938622_2
2481,3622807_2
2482,3505676_2
2483,2872360_2
2484,2753063_3
2485,2712480_2
2486,3442064_2
2487,3571234_2
2488,2748802_3
2489,2925182_2
2490,3077134_2
2491,3489403_2
2492,3627487_2
2493,3035579_2
2494,2911392_2
2495,2902932_2
2496,3048334_2
2497,3059102_2
2498,2769464_2
2499,2749890_2
2500,3076992_2
2501,3628299_2
2502,2790434_2
2503,2776430_2
2504,2969660_3
2505,3500721_2
2506,2791720_2
2507,3524581_2
2508,2737247_3
2509,3637517_3
2510,2916590_2
2511,3475920_2
2512,2978386_2
2513,3569741_2
2514,3514642_2
2515,3028195_2
2516,3114822_2
2517,2049914_2
2518,2842697_2
2519,2912174_2
2520,3582556_3
2521,2875952_2
2522,3051754_2
2523,3542388_2
2524,3644913_2
2525,3466190_2
2526,3624159_2
2527,3506001_2
2528,3062762_2
2529,2979886_2
2530,3097815_3
2531,2905230_2
2532,2989476_3
2533,3009905_2
2534,2831746_2
2535,3570791_2
2536,2897550_2
2537,3096188_2
2538,2897521_2
2539,2856799_3
2540,2706925_2
2541,2893339_2
2542,3590366_2
2543,2911676_3
2544,3487631_2
2545,3038114_2
2546,2713398_2
2547,3087029_3
2548,3522233_2
2549,2723924_2
2550,2800047_2
2551,3445288_2
2552,3624939_2
2553,3066639_2
2554,2978024_2
2555,3514797_2
2556,3602501_2
2557,2864902_2
2558,3499665_2
2559,3448393_2
2560,2753512_2
2561,2754792_3
2562,3501991_2
2563,2728305_2
2564,2791885_2
2565,3026083_2
2566,3441022_2
2567,2900957_2
2568,2835688_3
2569,3531001_2
2570,2987958_2
2571,3031239_2
2572,2938635_2
2573,3614938_2
2574,3618227_2
2575,3022527_2
2576,2922200_3
2577,2898989_2
2578,3632736_2
2579,3464829_3
2580,2716685_2
2581,2792182_3
2582,2974293_3
2583,3000297_2
2584,3504756_2
2585,2945500_2
2586,3050141_2
2587,3097740_2
2588,2822247_2
2589,3637448_2
2590,3467427_2
2591,3593745_2
2592,2922118_2
2593,2729282_2
2594,3060045_3
2595,3521217_2
2596,2951824_2
2597,3111132_2
2598,3548622_2
2599,2736093_2
2600,3081434_2
2601,2959408_2
2602,2703725_2
2603,3045696_2
2604,3501111_2
2605,2999969_2
2606,2792258_2
2607,3503227_2
2608,2979071_2
2609,3431411_2
2610,3553649_2
2611,3511895_2
2612,2885082_2
2613,2812024_2
2614,3476468_2
2615,3025299_2
2616,2775699_2
2617,3030513_2
2618,3022835_2
2619,2695283_2
2620,2859990_2
2621,3005247_2
2622,2829225_2
2623,2766615_2
2624,2883689_2
2625,2803696_2
2626,2788625_2
2627,2824714_2
2628,3008794_2
2629,3627005_2
2630,3489403_3
2631,2946958_2
2632,3497136_3
2633,2763825_2
2634,2839412_2
2635,2980369_2
2636,3503298_3
2637,3533825_3
2638,2972385_2
2639,3636912_2
2640,3600280_2
2641,3527855_2
2642,3070686_2
2643,3620956_2
2644,2864314_2
2645,3008040_2
2646,3106044_2
2647,3596204_2
2648,2702952_2
2649,2962581_2
2650,2846139_2
2651,3500241_2
2652,2709573_3
2653,2884014_2
2654,2802949_2
2655,3545571_2
2656,2740087_2
2657,3009951_2
2658,2774571_2
2659,2789041_2
2660,3582426_2
2661,3083020_2
2662,3511715_2
2663,2712311_2
2664,3503643_2
2665,3566568_2
2666,3572827_2
2667,2885850_2
2668,3461185_2
2669,3569978_2
2670,3451822_2
2671,2855707_2
2672,3492502_2
2673,2939285_2
2674,3562918_3
2675,2829106_2
2676,2888580_2
2677,2758739_2
2678,2838976_2
2679,3532621_2
2680,3102468_2
2681,3075305_2
2682,3097934_2
2683,2929435_2
2684,2916073_2
2685,3617761_2
2686,3605922_2
2687,2937191_2
2688,2712777_2
2689,3439513_2
2690,3600711_2
2691,2744762_2
2692,2835328_2
2693,2958924_2
2694,2951044_3
2695,3610622_2
2696,2758047_2
2697,3641349_2
2698,2921903_2
2699,3484717_2
2700,3044815_2
2701,2947642_3
2702,2843666_2
2703,2939706_2
2704,2815732_2
2705,3042888_2
2706,3591477_3
2707,3587118_2
2708,2729002_2
2709,2836474_2
2710,3544242_2
2711,2847517_2
2712,3008205_2
2713,3599406_2
2714,3035102_2
2715,2815246_2
2716,2825031_2
2717,2824491_2
2718,2974465_2
2719,3041320_2
2720,2995371_2
2721,2913112_2
2722,2709549_2
2723,2988905_2
2724,2938872_2
2725,3513020_2
2726,3526387_2
2727,3451137_2
2728,3061091_2
2729,2893437_2
2730,3076803_2
2731,3522295_2
2732,3454383_2
2733,3525895_2
2734,2949781_2
2735,2870060_2
2736,3606673_2
2737,3632226_2
2738,2845213_2
2739,2892231_2
2740,2735263_2
2741,2895865_2
2742,3555171_2
2743,3019291_2
2744,2930057_2
2745,2758546_2
2746,2775028_2
2747,3617735_3
2748,2890950_2
2749,2837642_2
2750,2728351_2
2751,3523634_2
2752,2821732_3
2753,3558471_3
2754,3514988_2
2755,2910635_3
2756,2697092_3
2757,3102722_2
2758,3586467_2
2759,3462653_2
2760,2908688_2
2761,3030109_2
2762,2956325_2
2763,3026973_2
2764,2920020_2
2765,3617937_2
2766,3505038_2
2767,3538161_2
2768,2703774_2
2769,3104127_2
2770,3444319_2
2771,3057502_2
2772,2813796_2
2773,3623766_3
2774,3291610_2
2775,2994728_3
2776,2806761_3
2777,2960915_2
2778,3508957_2
2779,2916348_2
2780,2797942_2
2781,3471682_2
2782,2746590_3
2783,3559084_2
2784,2725451_2
2785,3570083_2
2786,3633773_2
2787,3071270_3
2788,3449835_2
2789,3619118_2
2790,3457106_2
2791,2940331_2
2792,3027068_2
2793,3529860_2
2794,2914942_2
2795,2946670_2
2796,3083640_3
2797,2958784_2
2798,3628350_2
2799,3503065_2
2800,2817771_2
2801,3080808_2
2802,3015630_2
2803,3026594_2
2804,2739434_2
2805,3474600_2
2806,2973435_2
2807,3108549_2
2808,3108527_2
2809,3641364_2
2810,2816921_2
2811,3089109_2
2812,2881674_2
2813,2759915_2
2814,3643200_2
2815,2896189_2
2816,2754945_2
2817,3039830_2
2818,2781425_2
2819,2859095_2
2820,2762227_2
2821,2887143_2
2822,3593022_2
2823,3101741_2
2824,2771917_3
2825,2784297_2
2826,2793322_2
2827,2905770_2
2828,2810250_2
2829,2708608_2
2830,3583921_2
2831,3116844_2
2832,2969115_2
2833,2995881_2
2834,2991604_2
2835,3074170_2
2836,2721723_2
2837,2784756_2
2838,2770997_2
2839,3535679_2
2840,2844048_2
2841,2829504_2
2842,3591697_2
2843,3471608_2
2844,1527192_2
2845,2753418_3
2846,3642868_2
2847,2915712_2
2848,2755006_2
2849,3102242_2
2850,3079662_2
2851,3434502_2
2852,2989476_2
2853,2914309_2
2854,3615474_2
2855,3483152_2
2856,2960447_2
2857,3574389_2
2858,3097866_2
2859,3575706_2
2860,2783079_2
2861,3088817_2
2862,2795321_2
2863,3603379_2
2864,3580055_2
2865,3454215_3
2866,2964685_2
2867,3020092_2
2868,2947690_2
2869,2937679_2
2870,2786179_2
2871,3006731_2
2872,2949427_2
2873,2828175_2
2874,3096966_3
2875,2874317_2
2876,3483991_2
2877,3053949_2
2878,3465917_2
2879,3456444_2
2880,3001971_2
2881,3556697_2
2882,2796791_2
2883,2861499_3
2884,3506852_2
2885,3089705_2
2886,3533973_2
2887,2884124_2
2888,2905057_2
2889,2899143_2
2890,3065262_2
2891,3034333_2
2892,3573658_2
2893,2836039_2
2894,2738508_2
2895,2848531_3
2896,2834163_2
2897,2819879_2
2898,3624774_2
2899,2889388_3
2900,3044239_2
2901,3442399_2
2902,3621220_2
2903,3528436_2
2904,3447034_2
2905,3435347_2
2906,3528229_2
2907,2960982_2
2908,2806055_2
2909,2714442_2
2910,3530527_2
2911,3557532_3
2912,3023548_2
2913,3543062_2
2914,3543840_3
2915,3061622_3
2916,2974744_2
2917,2753916_2
2918,3610848_2
2919,3586455_2
2920,2438242_2
2921,2870414_2
2922,2727092_2
2923,2776540_3
2924,2836425_2
2925,3496564_2
2926,3090208_2
2927,3533320_2
2928,3567111_2
2929,2708004_2
2930,3604193_2
2931,2806192_2
2932,3482854_2
2933,2964558_2
2934,3473884_2
2935,2919488_2
2936,3000689_2
2937,2889817_2
2938,2811031_2
2939,3003923_2
2940,3643320_2
2941,3098914_2
2942,2904161_2
2943,3588268_2
2944,3471637_2
2945,3626852_2
2946,2856799_2
2947,3000707_2
2948,2814674_2
2949,2733829_2
2950,2801407_2
2951,2856137_2
2952,3613728_2
2953,3113602_2
2954,2866164_2
2955,3590168_2
2956,3013195_2
2957,2844700_2
2958,2923503_2
2959,3502200_2
2960,2863788_3
2961,3046417_2
2962,2729762_2
2963,2931821_2
2964,3069164_2
2965,3060143_3
2966,2789387_3
2967,3045006_2
2968,3465023_2
2969,3450283_2
2970,2969968_2
2971,2831067_2
2972,3510894_2
2973,3467880_2
2974,3540136_2
2975,2721221_2
2976,2901011_2
2977,3486998_2
2978,3469717_2
2979,2765103_2
2980,2767709_2
2981,2964820_2
2982,2945554_3
2983,2942212_2
2984,2984379_2
2985,3454561_2
2986,2999857_2
2987,3440658_2
2988,2787837_2
2989,2870541_3
2990,2775769_2
2991,2963427_2
2992,3549049_3
2993,2918696_2
2994,2995529_2
2995,2866914_2
2996,2929839_2
2997,3059962_2
2998,2745346_2
2999,3100426_2
3000,2701267_2
3001,3112600_2
3002,3033759_3
3003,2980029_2
3004,3612008_2
3005,3460584_2
3006,3060143_2
3007,2783503_2
3008,3594762_2
3009,3456853_2
3010,3508619_2
3011,2736201_2
3012,2907557_2
3013,2848646_2
3014,3030062_2
3015,3065064_2
3016,2843490_2
3017,2766580_2
3018,2884833_2
3019,3587011_2
3020,2786717_2
3021,2823129_2
3022,3080086_3
3023,3581745_2
3024,2767112_2
3025,3009541_2
3026,3492595_2
3027,2909845_2
3028,2963341_2
3029,3068999_2
3030,3115908_2
3031,3458249_2
3032,2931605_2
3033,3581127_2
3034,2948250_2
3035,2997288_2
3036,2779247_2
3037,3102994_2
3038,3574513_3
3039,3594623_2
3040,2877971_2
3041,3445972_2
3042,2980716_2
3043,3580632_2
3044,2998025_2
3045,2909915_2
3046,3638147_2
3047,2781481_2
3048,3441674_2
3049,3622118_3
3050,3498242_2
3051,3620721_2
3052,3612612_2
3053,3572974_2
3054,3490295_2
3055,2766773_2
3056,3548813_2
3057,2881559_2
3058,2785331_2
3059,3541747_2
3060,3512789_3
3061,2725635_2
3062,3543798_2
3063,2880188_2
3064,2729229_2
3065,3545520_2
3066,2694863_2
3067,3583044_2
3068,2866965_2
3069,2702086_2
3070,3630251_2
3071,3066172_2
3072,3062739_2
3073,2754853_2
3074,3094102_2
3075,2801892_2
3076,2866533_2
3077,2944795_2
3078,2755871_2
3079,3537745_3
3080,3467370_2
3081,3586593_2
3082,3627934_2
3083,3642101_3
3084,3578795_3
3085,2758208_2
3086,2749316_2
3087,2886424_2
3088,2890133_2
3089,2875563_3
3090,3547187_2
3091,2786225_2
3092,3572169_2
3093,2814502_2
3094,3498080_2
3095,3023295_2
3096,3607473_2
3097,3043984_2
3098,3622672_2
3099,2736681_2
3100,3519806_2
3101,3111215_2
3102,3638738_2
3103,2844305_2
3104,3565225_3
3105,3454907_2
3106,3057061_2
3107,2890506_2
3108,3531330_2
3109,2954572_2
3110,3568881_2
3111,3644288_2
3112,3114676_2
3113,2727900_2
3114,2852248_2
3115,2780071_2
3116,2743776_2
3117,3476072_2
3118,2975102_2
3119,3614237_2
3120,2779378_3
3121,2730369_2
3122,2814470_2
3123,2719046_2
3124,3632170_2
3125,2811227_2
3126,3064637_2
3127,3525591_2
3128,2729721_2
3129,2855996_2
3130,3564628_2
3131,3062925_2
3132,2936222_2
3133,2868254_2
3134,2868838_2
3135,3555540_2
3136,3014575_2
3137,2865539_2
3138,3005425_2
3139,3623428_2
3140,3052411_2
3141,2858691_2
3142,2717496_2
3143,3624102_2
3144,3532476_2
3145,2936874_2
3146,3449772_3
3147,3510117_2
3148,2783558_3
3149,1252210_2
3150,3549049_2
3151,3491882_2
3152,3503434_2
3153,2822378_2
3154,2826967_3
3155,2829632_2
3156,2753660_2
3157,3491808_2
3158,3462580_3
3159,2710636_2
3160,3044779_2
3161,2942199_2
3162,3486278_3
3163,3089268_3
3164,2899162_2
3165,2978845_2
3166,3096048_2
3167,3483335_3
3168,2974703_2
3169,3505748_2
3170,3038789_2
3171,3482258_2
3172,2925170_2
3173,3519629_2
3174,3079101_2
3175,3011149_2
3176,3043676_2
3177,2884363_2
3178,2927005_2
3179,3453343_2
3180,2891392_2
3181,3570359_2
3182,3115669_2
3183,2948117_3
3184,3101409_2
3185,3477027_2
3186,3610209_2
3187,3460362_2
3188,3043496_2
3189,3006135_2
3190,3441236_2
3191,3065684_2
3192,2894517_2
3193,2790575_2
3194,2721779_2
3195,3026254_2
3196,3075585_2
3197,2788343_2
3198,2907102_2
3199,2743923_2
3200,3054673_2
3201,2709701_2
3202,3446328_2
3203,2830275_2
3204,2728754_2
3205,3021702_2
3206,2849808_2
3207,2924405_2
3208,2694703_2
3209,3537728_2
3210,2903042_2
3211,2978238_2
3212,3600224_2
3213,2815060_3
3214,2863581_3
3215,3536271_2
3216,2709392_2
3217,3483903_2
3218,3008782_2
3219,2754525_2
3220,2695943_2
3221,2781247_2
3222,2889971_2
3223,2754005_2
3224,3532989_2
3225,3598978_2
3226,2758938_2
3227,3844549_2
3228,3038238_2
3229,3569569_2
3230,2860862_2
3231,3550216_3
3232,3009537_2
3233,2849432_2
3234,3448268_3
3235,2892142_2
3236,2929265_2
3237,2907091_2
3238,2981110_2
3239,2985504_2
3240,2806675_2
3241,2812577_2
3242,2712614_2
3243,3573632_2
3244,2764967_2
3245,3624473_2
3246,2878702_2
3247,2994385_2
3248,3044853_2
3249,2846076_2
3250,2831937_2
3251,3553257_2
3252,3028394_2
3253,3610646_2
3254,3114846_2
3255,3608241_2
3256,2894059_2
3257,2818817_2
3258,3004535_2
3259,3451166_2
3260,2723583_2
3261,2908383_2
3262,2961502_2
3263,2848366_2
3264,3054369_2
3265,3056300_2
3266,3643964_2
3267,3035087_2
3268,2701681_2
3269,3474382_2
3270,3114137_2
3271,3524934_2
3272,2696042_2
3273,2723163_2
3274,2882204_2
3275,3620827_2
3276,3542314_2
3277,2990841_2
3278,3108269_2
3279,3499938_2
3280,3118440_2
3281,2940137_2
3282,3110649_2
3283,2024940_2
3284,3025619_2
3285,2809784_2
3286,2940835_2
3287,2784297_3
3288,2695228_2
3289,2725540_2
3290,3067074_2
3291,2694289_2
3292,2945401_2
3293,3441559_2
3294,3564736_2
3295,3488234_2
3296,2717724_2
3297,2969443_2
3298,2796856_2
3299,3473868_2
3300,3462300_2
3301,3440114_2
3302,3057797_2
3303,3011734_2
3304,3002605_2
3305,3442403_2
3306,3076396_2
3307,2769678_3
3308,3637631_2
3309,3619121_2
3310,2825286_2
3311,3588389_2
3312,3574513_2
3313,3546143_2
3314,2990829_2
3315,2727961_2
3316,2757774_2
3317,2915419_2
3318,2873188_2
3319,3010937_2
3320,2740133_2
3321,3570856_3
3322,3501548_2
3323,3603244_3
3324,3015924_2
3325,3023096_2
3326,2897055_2
3327,3609238_2
3328,3555133_2
3329,3011745_2
3330,2700550_2
3331,3557298_2
3332,2988566_2
3333,2969042_2
3334,3486261_2
3335,3026726_2
3336,3011198_2
3337,2918428_2
3338,3051994_2
3339,2846479_2
3340,3040914_2
3341,3563882_2
3342,3595572_2
3343,3592630_2
3344,2775293_2
3345,3564652_2
3346,2900711_2
3347,3619150_2
3348,2759274_2
3349,2702250_2
3350,3051852_2
3351,2934746_2
3352,2812013_2
3353,2953131_2
3354,2966294_2
3355,2979103_2
3356,2729071_2
3357,2947482_2
3358,2804087_2
3359,2722304_2
3360,3036074_2
3361,2827234_2
3362,3468352_2
3363,2938622_3
3364,2719674_2
3365,3623230_2
3366,3437332_2
3367,3100005_2
3368,3034492_2
3369,2809698_2
3370,3534223_2
3371,3472222_2
3372,3026196_2
3373,3111830_2
3374,3029178_2
3375,2943927_2
3376,3534698_2
3377,3575469_2
3378,2715671_2
3379,2804939_2
3380,3016448_2
3381,3642325_2
3382,3015702_2
3383,2918961_2
3384,2817125_2
3385,3558521_2
3386,2836536_2
3387,3041744_2
3388,3508832_2
3389,2734767_2
3390,2852711_2
3391,3066088_3
3392,2806242_3
3393,2754581_2
3394,3594084_2
3395,3267480_2
3396,2716604_2
3397,3580192_2
3398,2802121_2
3399,2751465_2
3400,3053320_2
3401,2847907_2
3402,3024897_2
3403,2959127_2
3404,2763440_2
3405,2921749_2
3406,3503685_2
3407,3578288_2
3408,2813241_2
3409,2803445_3
3410,3023039_2
3411,3574786_2
3412,3100098_2
3413,3011869_2
3414,2994906_2
3415,2861499_2
3416,2929936_2
3417,3446990_2
3418,2939808_2
3419,3512312_2
3420,2696968_2
3421,3435302_2
3422,3109926_2
3423,2963899_2
3424,3513397_2
3425,3587699_2
3426,2977782_2
3427,3504531_2
3428,3574712_2
3429,3478186_2
3430,1516876_2
3431,2758016_2
3432,3512789_2
3433,3710362_2
3434,3473802_2
3435,3634915_2
3436,2775807_2
3437,3513546_2
3438,3024603_2
3439,3062849_2
3440,3001462_2
3441,3623356_2
3442,3458445_2
3443,3485343_2
3444,3092912_2
3445,3085951_2
3446,2697286_2
3447,2817125_3
3448,2773589_2
3449,2995289_2
3450,3063852_2
3451,3502807_2
3452,3491161_2
3453,3493528_2
3454,3041254_2
3455,3625676_2
3456,3605264_2
3457,3052922_3
3458,2926330_2
3459,3037802_3
3460,3458544_2
3461,2955073_3
3462,2849098_2
3463,3576307_2
3464,2864038_2
3465,2710515_2
3466,3519481_2
3467,3509454_2
3468,2838841_2
3469,2838403_2
3470,2993688_2
3471,2848337_3
3472,3541583_2
3473,2847480_2
3474,3608589_2
3475,2864564_2
3476,3112412_2
3477,2972568_2
3478,3454830_2
3479,3643045_2
3480,3468739_2
3481,3567524_2
3482,3491909_2
3483,3498398_2
3484,3518861_2
3485,3004546_2
3486,2883514_2
3487,3565518_2
3488,2979328_2
3489,3020650_2
3490,3591645_2
3491,2913255_2
3492,2810837_2
3493,3573735_2
3494,3449854_2
3495,3623544_2
3496,3566035_2
3497,2793050_2
3498,3033804_2
3499,3610855_2
3500,2987798_2
3501,3636529_2
3502,2962960_2
3503,3107576_2
3504,2817190_2
3505,3563285_2
3506,2749758_2
3507,3101411_2
3508,2906391_2
3509,3094430_2
3510,2994869_2
3511,3546710_2
3512,3570732_2
3513,3500796_2
3514,3043323_2
3515,3494052_2
3516,3046387_2
3517,2883950_2
3518,2721189_2
3519,3012296_2
3520,2930753_2
3521,2947362_2
3522,3541435_2
3523,3615152_2
3524,3643508_2
3525,3636440_2
3526,2975872_2
3527,2869868_2
3528,2859033_2
3529,2914631_2
3530,2913681_2
3531,3514408_2
3532,2958454_2
3533,2895247_2
3534,2912214_2
3535,3607464_2
3536,2944649_2
3537,3490216_2
3538,3577042_2
3539,3447930_2
3540,2932609_2
3541,3470942_2
3542,2998258_3
3543,3508709_2
3544,3037180_2
3545,2960550_2
3546,2717984_2
3547,2704871_2
3548,2988541_2
3549,2912862_2
3550,2783544_2
3551,2874991_2
3552,2971837_2
3553,2923088_2
3554,3443276_2
3555,2704476_2
3556,2889388_2
3557,2762338_2
3558,3101172_2
3559,3464659_2
3560,2786543_2
3561,2823984_2
3562,3614266_2
3563,2962647_2
3564,3594812_2
3565,2694076_2
3566,2913453_2
3567,2736437_2
3568,2939444_2
3569,2797614_2
3570,3596837_2
3571,3108210_3
3572,2895202_2
3573,3080469_3
3574,3079816_2
3575,3571719_2
3576,2858123_2
3577,3558330_2
3578,2731033_2
3579,2863671_2
3580,2927671_2
3581,3094451_2
3582,2709889_2
3583,3019564_2
3584,2755251_2
3585,2814745_2
3586,3493332_3
3587,3812232_2
3588,3552280_2
3589,2851574_2
3590,3542933_2
3591,3554863_2
3592,2773938_2
3593,3514149_2
3594,3486624_2
3595,2699237_2
3596,3110454_2
3597,2849313_2
3598,3109969_2
3599,3584390_2
3600,2764231_2
3601,2699679_2
3602,2865024_3
3603,3113829_2
3604,2352081_2
3605,3442983_3
3606,2974964_2
3607,3608898_2
3608,2893343_2
3609,2832859_2
3610,2781354_2
3611,3512941_2
3612,2927740_2
3613,3535692_2
3614,2858416_2
3615,3490987_2
3616,2913988_2
3617,2699499_2
3618,2900559_2
3619,2813796_3
3620,3623766_2
3621,2947350_2
3622,2895727_2
3623,2957477_2
3624,2918124_3
3625,3587874_2
3626,3096036_2
3627,2695565_2
3628,3602536_2
3629,3625527_2
3630,2983277_2
3631,2827427_2
3632,3106774_2
3633,3465895_2
3634,2695147_2
3635,3578029_2
3636,2905136_2
3637,2963245_2
3638,2883899_2
3639,2994745_2
3640,3506114_2
3641,3549372_2
3642,3052199_2
3643,3620873_2
3644,3450693_2
3645,2910514_2
3646,2772123_2
3647,2790319_2
3648,2705576_2
3649,3477829_3
3650,3595567_2
3651,2823340_2
3652,2965174_2
3653,1593592_2
3654,2970361_2
3655,3449129_2
3656,2757234_2
3657,2798069_2
3658,3542025_2
3659,3444895_2
3660,3560279_2
3661,3509552_2
3662,2907427_2
3663,1786186_2
3664,2838146_2
3665,3619710_3
3666,3616723_2
3667,3055270_2
3668,3075722_2
3669,3488781_3
3670,2877527_2
3671,3536152_2
3672,2842916_2
3673,2902903_2
3674,3004413_2
3675,3542331_2
3676,3513352_2
3677,2848514_2
3678,2929489_3
3679,3467075_2
3680,2878142_3
3681,2773215_2
3682,3636515_2
3683,3521488_2
3684,2712169_2
3685,3591564_2
3686,3587185_2
3687,3008935_2
3688,3072774_2
3689,2911443_2
3690,2865165_2
3691,3011267_2
3692,3631850_2
3693,2970865_2
3694,3506562_2
3695,3478568_2
3696,3460151_2
3697,2698398_2
3698,3102242_3
3699,3044491_3
3700,3436245_2
3701,2732635_3
3702,3626970_2
3703,3499103_2
3704,3643732_2
3705,2694912_2
3706,3489336_2
3707,2756686_2
3708,2959453_2
3709,2845869_2
3710,2931862_2
3711,2962204_2
3712,3102080_2
3713,3594187_2
3714,2989363_2
3715,3018425_2
3716,3567749_2
3717,3069000_2
3718,2829908_2
3719,2728386_2
3720,2909459_2
3721,2991057_2
3722,3565225_2
3723,3006684_2
3724,3440106_2
3725,2787380_2
3726,2991591_2
3727,3518933_2
3728,3547743_2
3729,2977113_2
3730,2830634_2
3731,2762900_2
3732,3470282_2
3733,3006012_2
3734,2833570_2
3735,3634610_2
3736,3636254_2
3737,2854060_2
3738,2832532_2
3739,3620253_3
3740,2793944_2
3741,2783978_2
3742,2938245_2
3743,3453255_2
3744,2848337_2
3745,2170093_2
3746,3057663_2
3747,3586500_2
3748,2892142_3
3749,3509972_2
3750,3083229_2
3751,2810117_2
3752,2995529_3
3753,3108462_2
3754,3097049_2
3755,3460957_2
3756,2935017_2
3757,2723552_3
3758,2831312_2
3759,2851005_2
3760,2876961_2
3761,3553612_2
3762,3438232_2
3763,3006277_2
3764,3566760_2
3765,3024539_2
3766,2761131_2
3767,2845571_2
3768,2808046_2
3769,3565658_3
3770,3079411_2
3771,3514441_3
3772,3642374_2
3773,3037113_2
3774,3540696_2
3775,2860850_2
3776,2981020_2
3777,2729925_3
3778,2747691_2
3779,2977737_2
3780,2757646_2
3781,3023892_2
3782,3435457_2
3783,3519456_2
3784,3491765_2
3785,3466673_2
3786,2796710_2
3787,2883252_2
3788,3014307_2
3789,3106252_2
3790,2904853_2
3791,2811065_2
3792,3026710_2
3793,2707699_2
3794,2742821_2
3795,2987197_2
3796,3031146_2
3797,3512312_3
3798,3478940_2
3799,2859864_2
3800,2773132_2
3801,3022379_2
3802,3098054_3
3803,3525737_2
3804,3087435_2
3805,3512364_2
3806,3642298_2
3807,2708346_2
3808,3453891_2
3809,2915749_2
3810,2786157_2
3811,2831644_2
3812,3000725_2
3813,2717137_2
3814,2822764_2
3815,3598212_2
3816,2903628_3
3817,3481673_2
3818,2774272_2
3819,3563829_2
3820,2985036_2
3821,3590075_2
3822,3441213_2
3823,2845607_2
3824,3088388_2
3825,2941789_2
3826,2953596_2
3827,2746277_2
3828,2868541_2
3829,3435143_2
3830,3062016_2
3831,2976854_3
3832,2745865_2
3833,2975506_2
3834,3060423_2
3835,2822247_3
3836,2833139_2
3837,2743408_2
3838,3589108_2
3839,3027830_2
3840,2916695_2
3841,3033107_2
3842,2742138_2
3843,3472333_2
3844,3565717_2
3845,3536987_2
3846,3497155_3
3847,2951209_2
3848,3092034_2
3849,2896829_2
3850,3060045_2
3851,3451166_3
3852,3484521_2
3853,3451418_2
3854,3014917_2
3855,2997303_2
3856,3493980_2
3857,3067244_2
3858,3111144_2
3859,3565468_2
3860,2775529_2
3861,3437948_2
3862,3468974_3
3863,2768723_2
3864,2963579_2
3865,3022090_2
3866,3036244_2
3867,3043450_2
3868,2843456_2
3869,2983296_2
3870,2983444_2
3871,3529219_2
3872,2933202_2
3873,2808272_2
3874,3497884_2
3875,2824928_2
3876,2711211_2
3877,2862719_2
3878,3611042_2
3879,2742070_2
3880,2790569_2
3881,3567004_3
3882,2924622_2
3883,3012426_2
3884,3607872_2
3885,2738912_2
3886,3617735_2
3887,3567317_2
3888,2862921_3
3889,2704205_2
3890,2720814_2
3891,3097336_2
3892,3082123_2
3893,2744614_2
3894,2967570_2
3895,3610412_2
3896,2823512_2
3897,2980843_2
3898,2980702_2
3899,3635470_2
3900,2946004_2
3901,3538491_2
3902,3012983_2
3903,3095573_2
3904,3043505_2
3905,3022074_2
3906,3057584_2
3907,2710726_2
3908,2768005_2
3909,2915407_2
3910,2948633_2
3911,3095527_2
3912,2781268_2
3913,2708096_2
3914,3049845_2
3915,3542854_2
3916,3462216_2
3917,2980223_2
3918,3509948_2
3919,2937739_2
3920,3527622_2
3921,3037900_2
3922,2751488_2
3923,3049860_2
3924,3574004_3
3925,3454215_2
3926,3559593_2
3927,2843705_2
3928,2802744_2
3929,2935875_2
3930,2972272_2
3931,3107885_2
3932,2723142_2
3933,2883719_2
3934,3562918_2
3935,3436600_2
3936,3448490_2
3937,3040711_2
3938,3486278_2
3939,3636492_2
3940,2877817_2
3941,3527689_2
3942,3573754_2
3943,2730605_3
3944,3564485_2
3945,2773886_2
3946,3024789_2
3947,2754928_2
3948,3620360_2
3949,3254523_2
3950,2930014_2
3951,2859796_2
3952,3054999_3
3953,2896098_2
3954,2825390_2
3955,2927788_2
3956,3473167_2
3957,3559311_2
3958,2862921_2
3959,2883939_2
3960,2848592_3
3961,3537453_2
3962,3641539_2
3963,2743022_3
3964,3009856_2
3965,3084396_2
3966,2835282_2
3967,3034791_2
3968,2979762_2
3969,3020342_2
3970,3519599_2
3971,2747290_2
3972,2948647_2
3973,3031706_2
3974,3509560_2
3975,3007024_2
3976,2763566_2
3977,3074331_2
3978,3528002_2
3979,2886191_2
3980,3084299_2
3981,3580398_2
3982,2708389_2
3983,2719559_2
3984,2796395_2
3985,3086370_2
3986,2747669_2
3987,3524714_2
3988,2780311_2
3989,2698982_2
3990,3471903_3
3991,2946932_2
3992,3437446_2
3993,2731360_2
3994,2897327_2
3995,2920208_2
3996,3470132_2
3997,2935105_2
3998,2759114_2
3999,3594436_3
4000,3068257_2
4001,2847546_2
4002,2907801_2
4003,2704639_2
4004,2714145_2
4005,2694235_2
4006,2762708_2
4007,3572640_2
4008,3082001_2
4009,2896336_2
4010,2859907_2
4011,2813126_2
4012,3548523_2
4013,2807487_2
4014,2973534_2
4015,2939952_2
4016,3023050_3
4017,3553041_2
4018,3612435_2
4019,3440691_2
4020,2783088_2
4021,3110119_2
4022,2730303_2
4023,2753527_2
4024,3638588_2
4025,3047565_2
4026,3570529_2
4027,2776473_2
4028,2991900_2
4029,2729593_2
4030,3514130_2
4031,2903628_2
4032,2897632_2
4033,2849556_2
4034,3642363_2
4035,2721866_2
4036,3074306_2
4037,2783342_2
4038,2919515_2
4039,3450464_2
4040,2810837_3
4041,3569374_2
4042,3614907_2
4043,2825374_2
4044,2992327_2
4045,3579728_3
4046,2840476_3
4047,2939049_2
4048,2926929_2
4049,2885369_2
4050,3490456_2
4051,3518573_2
4052,2915134_3
4053,3068265_3
4054,2967254_2
4055,2980257_2
4056,2764070_2
4057,3620455_2
4058,2815863_2
4059,2733706_3
4060,2912980_2
4061,3614864_2
4062,3540532_2
4063,3018407_2
4064,2802384_2
4065,2727604_3
4066,2984443_2
4067,2926585_2
4068,3450252_2
4069,3448247_2
4070,3517627_2
4071,2913236_3
4072,3453061_2
4073,2773126_2
4074,2712925_2
4075,3006997_3
4076,2905677_3
4077,2868594_2
4078,3022439_2
4079,2884428_2
4080,3550354_2
4081,2779501_2
4082,3607523_2
4083,3533825_2
4084,3023039_3
4085,2859517_2
4086,2794778_2
4087,2839341_2
4088,3528169_2
4089,2723511_2
4090,3584816_3
4091,3101989_2
4092,3566441_2
4093,3084844_2
4094,2993785_2
4095,2815060_2
4096,3498876_2
4097,3448259_2
4098,2879130_2
4099,3007603_2
4100,3479605_3
4101,2743022_2
4102,3631053_2
4103,3105874_2
4104,3474689_2
4105,3511685_2
4106,2993827_2
4107,3504394_2
4108,3486034_2
4109,3534478_2
4110,2908851_2
4111,3071095_2
4112,2797606_2
4113,3631190_2
4114,2762298_2
4115,2723804_2
4116,3537272_3
4117,2945886_2
4118,2861175_2
4119,3113574_2
4120,2937522_2
4121,2918148_2
4122,3474813_2
4123,2821648_2
4124,3064823_2
4125,3548026_2
4126,3509702_2
4127,2953883_2
4128,2739124_2
4129,2951168_2
4130,3610283_2
4131,2821333_2
4132,2966692_2
4133,3637517_2
4134,2920499_2
4135,3060118_3
4136,2771014_2
4137,3596204_3
4138,2902903_3
4139,2954727_2
4140,3618381_2
4141,3111907_2
4142,2746146_2
4143,3096966_2
4144,2977802_2
4145,3479605_2
4146,3594925_2
4147,2784032_2
4148,2947642_2
4149,2945554_2
4150,3032547_3
4151,3530232_2
4152,2807432_2
4153,3537745_2
4154,3483975_2
4155,2733714_2
4156,3106985_2
4157,3558644_2
4158,2850004_2
4159,3475767_2
4160,2789332_2
4161,2995775_2
4162,3634596_2
4163,3557251_2
4164,3468974_2
4165,3637436_2
4166,3047133_2
4167,2852321_2
4168,3549841_2
4169,2713644_2
4170,2714798_2
4171,3565165_2
4172,3445303_2
4173,2812644_2
4174,2991124_3
4175,3086032_2
4176,3543840_2
4177,2749570_2
4178,3642639_2
4179,2903379_2
4180,3552321_2
4181,3618816_2
4182,3566858_2
4183,3618057_2
4184,2838117_2
4185,2889767_2
4186,3502710_2
4187,2976854_2
4188,2903573_2
4189,2969947_2
4190,3437190_2
4191,2733432_3
4192,3613547_2
4193,3092423_2
4194,3002119_2
4195,3482141_2
4196,2745300_2
4197,3457398_2
4198,3501463_2
4199,3475314_2
4200,3090084_2
4201,3038238_3
4202,3085162_2
4203,2897140_2
4204,2994728_2
4205,3513397_3
4206,3563590_2
4207,2892936_2
4208,2941072_2
4209,2969893_2
4210,3503737_2
4211,3055424_2
4212,3490378_2
4213,3601553_2
4214,3435083_2
4215,3578839_2
4216,3073336_2
4217,2797002_2
4218,2863602_2
4219,2978330_2
4220,3067141_2
4221,3598374_2
4222,3621840_2
4223,2902176_2
4224,2901825_2
4225,2929673_2
4226,2902857_2
4227,3446016_2
4228,2872169_2
4229,3023666_2
4230,3475822_2
4231,3530854_2
4232,2813270_2
4233,3611628_2
4234,2734244_2
4235,2891772_2
4236,3534417_2
4237,3493478_2
4238,2920578_2
4239,3487631_3
4240,3560972_2
4241,3046369_2
4242,2439873_2
4243,2955574_2
4244,2971027_2
4245,3001573_2
4246,3636726_2
4247,2735447_2
4248,2847718_2
4249,3088846_2
4250,3012410_2
4251,2858550_2
4252,3494261_2
4253,2838815_2
4254,2908071_2
4255,2726306_2
4256,1818610_2
4257,2747778_3
4258,2970958_2
4259,2908554_2
4260,2879318_2
4261,3108549_3
4262,3445292_2
4263,3465101_2
4264,3008101_2
4265,2838668_2
4266,3025638_2
4267,3467337_2
4268,3073154_2
4269,3559517_2
4270,3097189_2
4271,3498364_2
4272,3436813_2
4273,3088767_2
4274,3562366_2
4275,3110358_2
4276,3006829_2
4277,2841999_2
4278,2975120_3
4279,2811591_3
4280,3023160_2
4281,2865024_2
4282,2992099_2
4283,2881760_2
4284,3498416_2
4285,3046534_2
4286,2896788_2
4287,3434272_2
4288,2788728_2
4289,2975211_2
4290,2893832_2
4291,3520149_2
4292,2965435_2
4293,3027785_2
4294,3019306_2
4295,3465124_2
4296,3510620_2
4297,3566078_2
4298,2953811_2
4299,2701078_3
4300,2954268_2
4301,2965612_2
4302,2711133_2
4303,2959130_2
4304,3022340_2
4305,2787475_2
4306,2899200_2
4307,3035904_2
4308,2942569_2
4309,2981020_3
4310,3559873_2
4311,2844982_2
4312,3018043_2
4313,3205778_2
4314,3033768_2
4315,3567134_2
4316,3494423_2
4317,2850216_2
4318,3109615_2
4319,2753418_2
4320,2904870_2
4321,2926001_2
4322,2733250_2
4323,2971556_2
4324,2932505_2
4325,2958673_2
4326,3027805_3
4327,3106315_2
4328,3116906_2
4329,2903530_2
4330,2936320_2
4331,3085744_2
4332,2713793_3
4333,2785042_2
4334,3588567_2
4335,2725451_3
4336,3434810_2
4337,2694905_2
4338,2707881_2
4339,2962525_2
4340,2702122_2
4341,3497136_2
4342,3030975_2
4343,3478149_3
4344,2750642_2
4345,3310345_2
4346,3055561_2
4347,3051778_3
4348,3106514_3
4349,2925357_2
4350,2999806_2
4351,2915670_3
4352,3112120_3
4353,3579105_2
4354,3546368_2
4355,2739708_2
4356,3031135_2
4357,3098832_2
4358,2957365_2
4359,3093871_2
4360,2869205_2
4361,3603564_2
4362,2974582_2
4363,3452999_3
4364,3006997_2
4365,2963738_2
4366,2699623_3
4367,2849030_2
4368,3576802_3
4369,3588730_2
4370,3071270_2
4371,3112276_2
4372,2976598_2
4373,2967726_2
4374,2742936_2
4375,3547623_2
4376,3631843_2
4377,3549161_3
4378,2803558_2
4379,3452583_2
4380,3551487_2
4381,2772521_2
4382,3557532_2
4383,3032343_2
4384,2836958_2
4385,3437240_2
4386,3083535_2
4387,3543969_2
4388,3572110_2
4389,2800919_2
4390,3620554_2
4391,3011568_2
4392,2839557_2
4393,2985225_2
4394,2841795_2
4395,2790868_2
4396,2813294_2
4397,3563563_2
4398,2805878_2
4399,2734115_2
4400,3512915_2
4401,3061382_2
4402,2742612_2
4403,2733706_2
4404,2944664_2
4405,3466583_2
4406,3552656_2
4407,3466896_2
4408,2716696_2
4409,3061872_2
4410,3490419_2
4411,3444363_2
4412,3502492_2
4413,2897080_2
4414,2982195_2
4415,2779442_2
4416,3542835_2
4417,3067210_2
4418,3563538_2
4419,3575706_3
4420,2753822_2
4421,2740836_2
4422,2384191_2
4423,2880349_2
4424,2962556_2
4425,3438652_2
4426,3456633_2
4427,2709609_2
4428,2951044_2
4429,2773750_2
4430,3453213_2
4431,2840113_2
4432,3038351_2
4433,2846890_2
4434,2700219_2
4435,2698364_2
4436,3597562_2
4437,3106069_3
4438,2786982_2
4439,2808571_2
4440,2705082_2
4441,2987608_2
4442,3437759_2
4443,2730605_2
4444,2831915_2
4445,3035693_2
4446,3632846_3
4447,2727604_2
4448,3571337_2
4449,2694807_2
4450,2979546_2
4451,2724807_2
4452,2733779_2
4453,2830019_2
4454,3582945_2
4455,3440778_2
4456,2731401_2
4457,3530683_2
4458,3465900_2
4459,2712925_3
4460,3097997_2
4461,3108652_2
4462,2894805_2
4463,3596538_2
4464,2983757_2
4465,2851049_2
4466,3456262_2
4467,2962380_2
4468,2799633_2
4469,2841913_2
4470,2717530_2
4471,3028211_2
4472,3577258_2
4473,2922791_2
4474,3523287_2
4475,3622143_2
4476,2993436_2
4477,3619927_2
4478,3616277_2
4479,3079782_2
4480,3098625_2
4481,2855880_2
4482,2747937_2
4483,2830462_2
4484,2955403_2
4485,2754243_2
4486,2822786_2
4487,2977729_2
4488,3452332_2
4489,3118613_2
4490,3544447_2
4491,3081014_2
4492,3619395_2
4493,2844484_2
4494,2862592_2
4495,3025797_2
4496,2980332_2
4497,3560759_2
4498,3495742_2
4499,2868566_2
4500,3583405_2
4501,2752764_2
4502,2787538_2
4503,2819346_2
4504,3071158_2
4505,3082420_2
4506,3492046_2
4507,3085541_2
4508,2760609_2
4509,3084061_2
4510,3038828_2
4511,2735188_2
4512,3527451_2
4513,3583370_2
4514,2965181_2
4515,3582367_2
4516,2804977_2
4517,3049518_2
4518,3068231_2
4519,2940194_2
4520,2776337_2
4521,3596380_2
4522,2965391_2
4523,3035738_2
4524,3480057_2
4525,3092246_2
4526,2837164_2
4527,3065829_2
4528,3454589_2
4529,3016033_2
4530,3640512_2
4531,2709530_2
4532,3529845_2
4533,3504985_2
4534,2850111_2
4535,2699241_2
4536,2829099_2
4537,3032054_2
4538,2968944_2
4539,3479843_2
4540,3585818_2
4541,2868395_2
4542,2912454_2
4543,2756747_2
4544,3059742_2
4545,2818323_2
4546,2976683_2
4547,3563336_2
4548,3562498_2
4549,2924707_2
4550,2822490_2
4551,3540833_2
4552,3644174_2
4553,2751726_2
4554,3480782_2
4555,3599289_2
4556,3639432_2
4557,2731739_2
4558,2789344_2
4559,3613127_2
4560,2925549_2
4561,3114007_2
4562,1871291_2
4563,3551372_2
4564,2985495_2
4565,3600470_2
4566,2990027_2
4567,3466094_2
4568,3547294_2
4569,3017293_2
4570,2753074_2
4571,2928151_2
4572,3595317_2
4573,3607464_3
4574,2801322_2
4575,2843284_2
4576,2923770_2
4577,3615666_2
4578,3521566_2
4579,2911232_2
4580,2770960_2
4581,3632736_3
4582,2697483_2
4583,3030247_2
4584,3049386_2
4585,3051179_2
4586,3597106_2
4587,3038364_2
4588,3591404_2
4589,3441914_2
4590,3508470_2
4591,2813376_2
4592,3017196_2
4593,2838765_2
4594,3502648_2
4595,3599769_2
4596,2696203_2
4597,3641131_2
4598,3095232_2
4599,3022019_2
4600,2854121_3
4601,2836050_2
4602,2961112_2
4603,2984724_2
4604,3062334_2
4605,3515655_2
4606,3440603_2
4607,3566832_2
4608,2735687_2
4609,2875027_2
4610,2971262_2
4611,2917970_2
4612,2811575_2
4613,2789387_2
4614,2915425_2
4615,3008227_2
4616,2699925_2
4617,3612454_2
4618,3532065_3
4619,2879803_2
4620,3487016_2
4621,3074153_2
4622,2978937_2
4623,2765898_2
4624,3599104_2
4625,2918167_2
4626,3449697_2
4627,3538296_2
4628,3628429_2
4629,2985024_2
4630,2709418_2
4631,3598639_2
4632,2969660_2
4633,2959923_2
4634,3488405_2
4635,2880398_3
4636,2867712_2
4637,2828352_3
4638,3514046_2
4639,3561614_3
4640,3477218_2
4641,2787659_2
4642,3005039_2
4643,2782769_2
4644,3071309_2
4645,2731068_2
4646,3587060_2
4647,3555260_2
4648,2891306_2
4649,2795965_2
4650,3483393_2
4651,2839464_2
4652,3504540_2
4653,2870423_2
4654,2845429_2
4655,3578214_2
4656,3447139_2
4657,2850705_2
4658,2998258_2
4659,2960539_2
4660,2717275_2
4661,3095244_2
4662,2984063_2
4663,3551740_2
4664,3086297_2
4665,3051484_2
4666,2738246_2
4667,2755753_2
4668,3028209_2
4669,3060406_2
4670,2713897_2
4671,2717306_2
4672,3001115_2
4673,2985263_2
4674,3074108_2
4675,3629768_2
4676,2728157_2
4677,3626179_2
4678,3077501_2
4679,2728157_3
4680,2781513_2
4681,2942483_2
4682,3436872_2
4683,3446704_2
4684,2917072_3
4685,3042903_2
4686,2726800_2
4687,3505007_2
4688,2837992_2
4689,3586963_2
4690,3057054_2
4691,3631630_2
4692,3614126_2
4693,2759290_2
4694,3553839_2
4695,3533890_2
4696,3445008_2
4697,3486465_2
4698,2712614_3
4699,2863788_2
4700,2875616_2
4701,3591056_2
4702,2719035_2
4703,3451269_2
4704,2768243_2
4705,3468718_2
4706,2950104_2
4707,3513467_2
4708,3607557_2
4709,2750035_2
4710,2707726_2
4711,3508923_2
4712,2854368_2
4713,3454499_2
4714,2758956_2
4715,2893734_2
4716,3535500_2
4717,3635408_2
4718,3108291_3
4719,2880330_2
4720,3072880_2
4721,3020753_2
4722,2752109_2
4723,2860303_2
4724,2935619_2
4725,3538538_2
4726,3112102_2
4727,2769026_2
4728,3052006_3
4729,2734421_2
4730,2011217_2
4731,2779580_2
4732,2906862_2
4733,3435293_2
4734,2736470_2
4735,3448567_2
4736,2824313_2
4737,2988185_2
4738,2900017_2
4739,2724874_2
4740,3802339_2
4741,3091004_2
4742,3625063_2
4743,3036007_2
4744,3632968_2
4745,2951921_2
4746,3624075_3
4747,3585913_2
4748,3491204_2
4749,3115013_2
4750,3052092_2
4751,2831055_2
4752,2921425_2
4753,2930298_2
4754,2975308_2
4755,3550216_2
4756,3017601_2
4757,3433907_2
4758,3503428_2
4759,2892850_2
4760,3448062_2
4761,3468059_2
4762,2998933_2
4763,2792713_2
4764,2778527_2
4765,3020363_2
4766,2987456_2
4767,2697298_2
4768,2915670_2
4769,3570648_3
4770,3026185_2
4771,3082970_2
4772,2756651_3
4773,3514533_3
4774,3633580_2
4775,2803113_2
4776,3591697_3
4777,3091892_2
4778,2864258_2
4779,2920068_2
4780,3062665_2
4781,2714764_2
4782,2908522_2
4783,3012620_2
4784,2909632_2
4785,2945208_2
4786,3016191_2
4787,2974775_2
4788,2738177_2
4789,3466784_2
4790,3511390_2
4791,3018786_2
4792,3513095_2
4793,3626281_2
4794,2976959_2
4795,3087029_2
4796,3087082_3
4797,2996394_2
4798,3496527_2
4799,2874043_2
4800,3631583_2
4801,3054422_2
4802,3510952_2
4803,3080469_2
4804,2835688_2
4805,3085457_2
4806,2738624_2
4807,2928350_2
4808,3559237_2
4809,2826358_2
4810,2905677_2
4811,3595857_2
4812,3471615_2
4813,3498001_2
4814,3067232_2
4815,3015630_3
4816,2993561_2
4817,2708152_2
4818,2987062_3
4819,3506290_2
4820,2699266_2
4821,3403876_2
4822,3513657_2
4823,2865852_2
4824,3538086_3
4825,3024263_2
4826,3568011_2
4827,3449462_2
4828,3078912_2
4829,3529330_2
4830,3456189_2
4831,3009856_3
4832,3030463_2
4833,3085492_2
4834,2781284_2
4835,3022645_2
4836,2758068_2
4837,2762859_2
4838,3472177_2
4839,2806941_2
4840,2912552_2
4841,2766176_2
4842,2869993_2
4843,3602991_2
4844,2983542_2
4845,3090938_2
4846,3637002_2
4847,3103830_2
4848,2839234_2
4849,3445980_2
4850,2959078_2
4851,2779152_2
4852,3634675_2
4853,2721829_2
4854,2750362_2
4855,2867694_2
4856,3061514_2
4857,3456012_2
4858,3569251_2
4859,3476700_2
4860,2874062_2
4861,3489542_2
4862,3524671_2
4863,2716643_2
4864,2708456_2
4865,3642497_2
4866,2718664_2
4867,2781712_2
4868,2979253_2
4869,3442380_2
4870,3596602_2
4871,2947709_2
4872,3004132_2
4873,3090095_2
4874,2932314_2
4875,3559864_2
4876,3540452_2
4877,2787647_2
4878,3581914_2
4879,3435479_2
4880,2751177_2
4881,3597860_2
4882,2959201_2
4883,2882161_2
4884,2780739_2
4885,3594873_2
4886,2955976_2
4887,3497961_2
4888,3069674_2
4889,2864512_2
4890,2963091_2
4891,3064062_2
4892,3527661_2
4893,2853310_3
4894,2772238_2
4895,2817288_2
4896,2972940_2
4897,2971336_2
4898,3510934_2
4899,3098482_2
4900,2950222_2
4901,2732091_2
4902,2799469_2
4903,2772518_2
4904,2907370_2
4905,2951120_2
4906,2887553_2
4907,2967672_2
4908,3071886_2
4909,3060680_2
4910,3614068_2
4911,2731103_2
4912,2919076_2
4913,3065051_2
4914,3050902_2
4915,2916602_2
4916,3453396_2
4917,3022878_2
4918,2967076_2
4919,3028234_2
4920,2771230_2
4921,2734153_2
4922,3529140_2
4923,3041185_2
4924,3117666_2
4925,2799668_2
4926,3008587_2
4927,3486028_2
4928,3532065_2
4929,3539774_2
4930,3611701_2
4931,3110435_2
4932,3011248_2
4933,3638147_3
4934,3036512_2
4935,2715668_2
4936,3479627_2
4937,2802254_2
4938,3485844_2
4939,3621062_2
4940,3112091_2
4941,2964677_2
4942,2733432_2
4943,2896372_2
4944,3599703_2
4945,2754146_2
4946,2887863_2
4947,3067388_2
4948,3054231_2
4949,2930532_2
4950,2717244_2
4951,3103103_2
4952,2929156_2
4953,3051828_2
4954,3003711_2
4955,2984767_2
4956,2748411_2
4957,2814415_2
4958,3011674_2
4959,3035635_2
4960,3465782_2
4961,2734995_2
4962,2871962_2
4963,2739319_2
4964,2737220_2
4965,3506811_2
4966,3496203_2
4967,3517850_2
4968,2826163_2
4969,3488719_2
4970,3463724_2
4971,3044218_2
4972,2767625_3
4973,3606673_3
4974,3639779_2
4975,2717477_2
4976,3089580_2
4977,2940645_3
4978,3046008_2
4979,2788201_2
4980,2923794_2
4981,3633152_2
4982,1008077_2
4983,2940645_2
4984,2855661_2
4985,3570648_2
4986,2758229_2
4987,3504848_2
4988,2787193_2
4989,2862427_2
4990,3280992_2
4991,2859785_2
4992,3643052_2
4993,2749667_2
4994,2906839_2
4995,3489372_2
4996,3551706_2
4997,3644948_2
4998,3613638_2
4999,3618136_2
5000,3015223_3
5001,3083614_2
5002,2722093_2
5003,2973821_2
5004,2754030_2
5005,3463697_2
5006,2989065_2
5007,3019660_2
5008,2819501_2
5009,3579832_2
5010,2971633_2
5011,3625203_2
5012,2867653_2
5013,2884101_2
5014,2928224_2
5015,2880036_2
5016,3054999_2
5017,3565675_2
5018,3038860_2
5019,2928130_2
5020,3078293_2
5021,2857411_2
5022,2875563_2
5023,2707440_2
5024,3568196_2
5025,3582668_2
5026,3641929_2
5027,2894467_2
5028,3544834_2
5029,2877418_2
5030,3612174_2
5031,1829940_2
5032,3586144_2
5033,2760421_2
5034,2767988_2
5035,3524100_2
5036,3037092_2
5037,2717166_2
5038,3105347_2
5039,3109259_2
5040,2735106_2
5041,3543694_2
5042,3578972_2
5043,2708176_2
5044,3038669_2
5045,3065469_2
5046,3022314_2
5047,3079587_2
5048,3593914_2
5049,2751856_2
5050,2988655_2
5051,3537728_3
5052,3018096_2
5053,3527756_2
5054,2784592_2
5055,2998379_2
5056,2993665_3
5057,1720762_2
5058,3603269_2
5059,3519004_2
5060,3490216_3
5061,2804341_2
5062,3008954_2
5063,2736914_2
5064,3631627_2
5065,3082603_2
5066,3552482_2
5067,3543039_2
5068,2885369_3
5069,2754372_2
5070,3046344_2
5071,3048020_2
5072,3592231_2
5073,3064085_2
5074,2774502_2
5075,3055467_2
5076,2914397_2
5077,3533856_2
5078,3449772_2
5079,2909351_2
5080,2698518_2
5081,3496153_2
5082,3545760_2
5083,2849602_2
5084,3665534_2
5085,3531165_2
5086,2853310_2
5087,2835704_2
5088,3454718_2
5089,2979413_2
5090,2848308_2
5091,3455481_2
5092,3434343_2
5093,3000337_2
5094,2926471_3
5095,2999823_3
5096,3465014_2
5097,2793295_2
5098,2756163_2
5099,3622217_2
5100,3041289_2
5101,3547208_2
5102,3449244_2
5103,2740801_2
5104,2925683_2
5105,3484225_2
5106,2791066_2
5107,3630544_2
5108,2798315_2
5109,2933786_2
5110,2875538_2
5111,2910195_2
5112,2754049_2
5113,2950515_2
5114,3526528_2
5115,3572777_2
5116,3022182_2
5117,3618917_2
5118,2803445_2
5119,3046008_3
5120,2734038_2
5121,3020685_2
5122,3469596_2
5123,3090241_2
5124,3634941_2
5125,2909351_3
5126,2883329_2
5127,2961112_3
5128,3025127_2
5129,3478957_2
5130,2750709_2
5131,3609809_2
5132,2745637_2
5133,3492022_2
5134,3592417_2
5135,2715792_3
5136,2759416_2
5137,3048266_3
5138,2752220_2
5139,2760748_2
5140,2998314_2
5141,2778817_2
5142,3100731_2
5143,2770432_2
5144,2903512_2
5145,3051459_2
5146,3579923_2
5147,3446522_2
5148,2824178_2
5149,3457860_2
5150,2718733_2
5151,1353665_2
5152,2735735_2
5153,3088323_2
5154,3012336_2
5155,2942079_2
5156,3594925_3
5157,2985274_2
5158,3082970_3
5159,2982430_2
5160,3054702_2
5161,2734549_2
5162,2842652_2
5163,2790639_2
5164,2771460_2
5165,3012647_2
5166,2929489_2
5167,2773169_2
5168,3550335_2
5169,3592240_2
5170,2887744_3
5171,2755325_2
5172,3604301_2
5173,3459842_2
5174,2787563_2
5175,2839211_2
5176,3604204_2
5177,3489355_2
5178,2854052_2
5179,2757069_2
5180,2808022_2
5181,3462335_2
5182,2813827_2
5183,3636769_3
5184,3474540_2
5185,3108291_2
5186,2729071_3
5187,3597013_2
5188,2817181_2
5189,3637692_2
5190,3601951_2
5191,3614704_2
5192,2795875_2
5193,2708425_2
5194,2844876_2
5195,2856129_2
5196,3441923_2
5197,3597157_2
5198,3627853_2
5199,3068163_2
5200,2848531_2
5201,2956833_3
5202,3628803_2
5203,3539209_2
5204,2735644_2
5205,3602987_3
5206,3639432_3
5207,3529238_2
5208,3585190_2
5209,2899246_3
5210,3019968_2
5211,3039383_2
5212,2947940_2
5213,2929369_2
5214,2785933_2
5215,2963209_2
5216,2848646_3
5217,3028430_2
5218,3045088_2
5219,3112211_2
5220,2858809_2
5221,3329655_2
5222,3035252_2
5223,3549122_2
5224,3548836_2
5225,3087240_2
5226,2897735_2
5227,2783558_2
5228,2729535_2
5229,3458917_2
5230,3528237_2
5231,2890010_2
5232,3587769_2
5233,2866466_2
5234,2927976_2
5235,2950034_2
5236,2861925_2
5237,2739319_3
5238,3096433_2
5239,2958387_2
5240,2895572_2
5241,3544386_2
5242,2913826_2
5243,2991884_2
5244,2903920_2
5245,2914095_2
5246,3471419_2
5247,2858305_2
5248,2837151_3
5249,2809214_2
5250,2893105_2
5251,3625920_2
5252,3113563_2
5253,3644605_2
5254,3066006_2
5255,2822050_2
5256,2971909_2
5257,2714903_2
5258,2821553_2
5259,3028315_2
5260,3492584_3
5261,2941845_2
5262,2701559_2
5263,2704917_2
5264,2925573_2
5265,3485858_2
5266,2976379_2
5267,3459825_2
5268,3461185_3
5269,2731401_3
5270,3077910_2
5271,3105726_2
5272,3030814_2
5273,2826206_2
5274,2807135_2
5275,2834509_2
5276,3573915_2
5277,3005932_2
5278,3085508_2
5279,3039266_2
5280,3452489_2
5281,2993665_2
5282,3571102_2
5283,3511199_2
5284,3079859_2
5285,3522463_2
5286,3017488_2
5287,3509972_3
5288,3101006_2
5289,3580669_2
5290,2778170_2
5291,3618136_3
5292,2776738_2
5293,2928213_2
5294,2747013_2
5295,2980231_2
5296,2865001_2
5297,2835851_2
5298,3107387_2
5299,3115658_2
5300,3098502_2
5301,2816283_2
5302,2796139_3
5303,3087332_2
5304,2842530_2
5305,3096219_2
5306,3439991_2
5307,3558970_2
5308,2917013_2
5309,2848044_2
5310,3537429_2
5311,3034998_2
5312,2816209_2
5313,3489538_2
5314,2716199_2
5315,3502710_3
5316,3614886_2
5317,3604030_2
5318,3537752_2
5319,2773522_2
5320,3643856_2
5321,2989342_2
5322,3617687_2
5323,3088527_2
5324,2941550_2
5325,2713447_2
5326,2777053_2
5327,3559229_2
5328,2772691_2
5329,3586522_2
5330,3593093_2
5331,2957462_2
5332,2941852_2
5333,3595456_3
5334,3484055_2
5335,3052618_2
5336,2984586_2
5337,3037802_2
5338,3643185_2
5339,2787519_2
5340,2867831_2
5341,2869264_2
5342,3077176_2
5343,3495069_2
5344,2981169_2
5345,2826955_2
5346,3632933_2
5347,3067920_2
5348,2939146_2
5349,3503544_3
5350,2871370_2
5351,2735982_2
5352,2994321_2
5353,3550536_2
5354,2743494_2
5355,3098362_2
5356,2894208_2
5357,3089145_2
5358,3623452_2
5359,3598113_2
5360,3603244_2
5361,3538086_2
5362,3439932_2
5363,3009060_2
5364,2976748_2
5365,2877323_2
5366,3514441_2
5367,3561873_2
5368,2968888_2
5369,2882117_2
5370,2703738_2
5371,2955934_2
5372,3006189_2
5373,2715894_2
5374,2734701_2
5375,2818609_2
5376,3010897_2
5377,3118278_3
5378,3464432_2
5379,2953099_2
5380,3068664_2
5381,3001697_2
5382,3090309_2
5383,3442403_3
5384,2969902_2
5385,3051420_2
5386,2866054_2
5387,2904348_2
5388,3613441_2
5389,3082675_2
5390,2745393_2
5391,3021107_2
5392,3604204_3
5393,3009553_2
5394,3495592_2
5395,3579149_2
5396,3016623_2
5397,2727766_2
5398,3567857_2
5399,2753365_2
5400,3569794_2
5401,2918954_2
5402,3643316_2
5403,2873398_2
5404,2985603_2
5405,3515964_2
5406,2867653_3
5407,3496166_2
5408,3446229_2
5409,2774093_2
5410,2859640_2
5411,3479771_2
5412,2751479_2
5413,2825510_2
5414,3507581_2
5415,2910872_2
5416,3519932_2
5417,2878358_2
5418,2990086_2
5419,2714823_2
5420,2884737_2
5421,2779567_2
5422,2831330_2
5423,2898286_2
5424,2714389_2
5425,3005773_2
5426,2868930_2
5427,2818835_2
5428,2750213_2
5429,3109425_2
5430,2883171_2
5431,2821488_2
5432,2709331_2
5433,3089268_2
5434,2734512_2
5435,3495498_2
5436,3592303_2
5437,3177465_2
5438,3597687_2
5439,2977922_2
5440,2868200_3
5441,3026791_3
5442,3003441_3
5443,2797796_2
5444,2996010_2
5445,3486104_2
5446,3541041_2
5447,2832411_2
5448,3570856_2
5449,3640074_2
5450,3076619_2
5451,3085316_2
5452,2858471_2
5453,3437747_2
5454,2743663_2
5455,3037249_2
5456,3087839_2
5457,3613127_3
5458,2887347_2
5459,3071237_2
5460,3594640_2
5461,3080086_2
5462,3520089_2
5463,2968176_3
5464,2754659_2
5465,2778947_2
5466,3439197_2
5467,2765158_2
5468,2925439_2
5469,2978908_2
5470,2867608_2
5471,3612015_2
5472,2847739_2
5473,2701638_2
5474,3491928_2
5475,2698036_2
5476,2985290_2
5477,3493332_2
5478,3077109_2
5479,2447091_2
5480,3555756_2
5481,2966455_2
5482,2698687_2
5483,3457632_2
5484,3618737_3
5485,2799757_2
5486,2694423_2
5487,3562661_2
5488,3034150_2
5489,2874888_2
5490,2833121_2
5491,3598729_2
5492,3009541_3
5493,3057584_3
5494,2993084_2
5495,3602536_3
5496,2981606_2
5497,2725707_2
5498,3473006_2
5499,3619710_2
5500,2994502_2
5501,2828785_2
5502,2899083_2
5503,3556404_2
5504,2929784_2
5505,3480794_2
5506,2839329_2
5507,3550481_2
5508,3112855_2
5509,3537267_2
5510,3073193_2
5511,2902991_2
5512,3440970_2
5513,3024596_2
5514,3473307_2
5515,2707246_2
5516,3561830_2
5517,3589755_2
5518,2915572_2
5519,2880691_2
5520,3542530_2
5521,3058189_2
5522,3488867_3
5523,2977871_2
5524,2909746_2
5525,2922347_2
5526,2701078_2
5527,3511895_3
5528,3436756_2
5529,2873562_2
5530,2823724_3
5531,2696404_2
5532,2978518_2
5533,3048352_2
5534,3475485_2
5535,2781425_3
5536,2870246_2
5537,2912901_2
5538,2901316_2
5539,2874295_2
5540,3524590_2
5541,2953585_2
5542,3039688_2
5543,2697057_2
5544,3101124_2
5545,2970361_3
5546,2892214_2
5547,3043959_2
5548,2952606_2
5549,3632549_2
5550,2937739_3
5551,2809214_3
5552,2801987_2
5553,2832411_3
5554,3522580_2
5555,2975738_2
5556,3069752_2
5557,3473212_2
5558,3015223_2
5559,2963473_3
5560,3581127_3
5561,3577767_2
5562,3567295_2
5563,3028394_3
5564,2780593_2
5565,3494465_3
5566,2731499_2
5567,2936726_2
5568,3493649_2
5569,2731762_2
5570,3565658_2
5571,2964961_2
5572,2798308_2
5573,3480264_2
5574,3608606_2
5575,2862382_2
5576,3001878_2
5577,2849012_2
5578,2937762_2
5579,3561805_2
5580,3023926_2
5581,3586436_2
5582,3501524_2
5583,2951412_2
5584,3622890_2
5585,3564042_2
5586,2727639_2
5587,3645311_2
5588,3045390_2
5589,3594830_2
5590,2996486_2
5591,2910044_2
5592,3527867_2
5593,2961914_2
5594,2730576_2
5595,2812290_2
5596,2939296_2
5597,3040339_2
5598,3087862_2
5599,2782710_2
5600,3641675_2
5601,3437257_2
5602,3457966_2
5603,2864226_2
5604,3090743_2
5605,3579201_2
5606,2986236_2
5607,2905650_2
5608,2978055_2
5609,2946004_3
5610,3607592_2
5611,2909550_2
5612,2849221_2
5613,2989286_2
5614,3605434_2
5615,3606489_2
5616,2983620_2
5617,2908886_2
5618,3075543_2
5619,3448300_2
5620,3561886_2
5621,3015288_2
5622,2806157_2
5623,3013790_2
5624,3087528_2
5625,2741701_2
5626,3107094_2
5627,2796423_2
5628,3017139_2
5629,3093650_2
5630,3506349_2
5631,2811172_2
5632,3570052_2
5633,3451564_2
5634,2863193_2
5635,2793637_2
5636,3626157_2
5637,3454352_2
5638,3033053_2
5639,2742784_2
5640,2694927_2
5641,2716113_2
5642,3447726_2
5643,3628255_2
5644,2721695_2
5645,3037954_2
5646,3515986_2
5647,1596126_2
5648,3059003_2
5649,2626690_2
5650,3463210_2
5651,3621018_2
5652,3581112_2
5653,2774923_2
5654,2742375_2
5655,3581568_2
5656,3099387_2
5657,2783621_2
5658,2729925_2
5659,2817552_2
5660,2800657_2
5661,3021597_2
5662,3476281_2
5663,3574335_2
5664,3618503_2
5665,2696194_2
5666,2776855_2
5667,1390406_3
5668,3529687_2
5669,2842090_3
5670,2826967_2
5671,3543879_2
5672,2919162_2
5673,2708653_2
5674,2705664_3
5675,3069112_2
5676,3025752_2
5677,3539252_2
5678,2942820_2
5679,2825643_2
5680,2950217_2
5681,2767619_2
5682,2852663_2
5683,2999425_2
5684,2823736_2
5685,2989136_2
5686,2931896_2
5687,2928584_2
5688,2940443_2
5689,3031204_2
5690,2886688_2
5691,3626937_2
5692,2806067_2
5693,2782261_2
5694,2773345_2
5695,2796139_2
5696,3048103_2
5697,3633216_2
5698,2746410_2
5699,3551997_2
5700,2793407_2
5701,2809821_2
5702,3515973_2
5703,2755023_2
5704,3560156_2
5705,2715458_2
5706,3486406_2
5707,2805269_3
5708,2965070_2
5709,3494185_2
5710,3578265_2
5711,3056926_2
5712,2890939_2
5713,3636912_3
5714,2793944_3
5715,2785767_2
5716,3070206_2
5717,3618917_3
5718,3622246_2
5719,2766317_2
5720,3576802_2
5721,2958326_2
5722,3013678_2
5723,3018694_2
5724,3638824_2
5725,3632846_2
5726,3111436_2
5727,3592041_2
5728,2779705_2
5729,3076520_2
5730,2741340_2
5731,3079483_2
5732,2876604_2
5733,2753404_2
5734,3083095_3
5735,3589530_2
5736,3491313_2
5737,3063373_2
5738,3118235_2
5739,3479955_2
5740,3083383_2
5741,3559266_2
5742,3098022_2
5743,3107967_2
5744,2759484_2
5745,2826913_3
5746,3100837_2
5747,2572885_2
5748,2890370_2
5749,2725514_2
5750,3631999_2
5751,3030879_2
5752,2795568_2
5753,2740813_2
5754,2783113_2
5755,2999823_2
5756,2933958_2
5757,3044301_2
5758,2962355_2
5759,2953055_2
5760,2860417_2
5761,3070163_2
5762,2921712_2
5763,3464829_2
5764,2791528_2
5765,2723747_2
5766,3468376_2
5767,2854636_2
5768,2885818_2
5769,2790319_3
5770,2952704_2
5771,3101251_2
5772,3600149_2
5773,2832526_2
5774,3462580_2
5775,3623212_2
5776,3462524_2
5777,3074530_2
5778,3483599_2
5779,3003923_3
5780,3467689_2
5781,2944901_2
5782,3487796_2
5783,3619758_2
5784,3073098_2
5785,3502302_2
5786,3435973_2
5787,3505019_2
5788,2874857_2
5789,3461359_2
5790,2872718_2
5791,3436617_2
5792,3157480_2
5793,3551135_2
5794,3455197_2
5795,2732899_2
5796,3106514_2
5797,2714666_2
5798,2794577_2
5799,3604740_2
5800,2857526_2
5801,3519798_2
5802,3005682_2
5803,3083718_2
5804,2849475_2
5805,2826913_2
5806,2747349_2
5807,3017097_2
5808,3097911_2
5809,2892948_2
5810,2925889_2
5811,3044616_2
5812,2710624_2
5813,3610588_2
5814,2901680_2
5815,2808093_2
5816,3604671_2
5817,3547827_2
5818,3488498_2
5819,2766991_2
5820,2734244_3
5821,2955154_2
5822,2717564_2
5823,3034150_3
5824,2865106_2
5825,2813898_2
5826,3513679_2
5827,3511677_2
5828,3602987_2
5829,2874247_2
5830,2743571_2
5831,2977101_2
5832,2910872_3
5833,3506596_2
5834,3592804_2
5835,3000159_2
5836,3545061_2
5837,3528328_2
5838,2766615_3
5839,3115386_2
5840,2736957_2
5841,2810647_2
5842,3485130_2
5843,2864314_3
5844,3004467_2
5845,2980190_2
5846,2960290_2
5847,3641603_2
5848,3031100_2
5849,3636703_2
5850,3106069_2
5851,3504872_2
5852,3084914_2
5853,3554200_2
5854,2757725_2
5855,2695774_2
5856,3511363_2
5857,2712554_2
5858,3504308_2
5859,3014604_2
5860,2753074_3
5861,3490773_2
5862,2835071_2
5863,3565610_2
5864,2962507_2
5865,2767619_3
5866,2754372_3
5867,3108306_2
5868,2877137_2
5869,3595456_2
5870,2823210_3
5871,3534509_2
5872,3107576_3
5873,2876445_2
5874,3452924_2
5875,3003979_2
5876,2721684_2
5877,2990853_2
5878,3460377_2
5879,3570406_2
5880,3461217_2
5881,2955049_2
5882,2829644_2
5883,3600213_2
5884,2777576_2
5885,2753645_2
5886,2738368_2
5887,2835830_2
5888,3248090_2
5889,3059069_2
5890,3437818_2
5891,3536004_2
5892,2914704_2
5893,1623077_2
5894,3566408_2
5895,2751825_2
5896,3577063_2
5897,3526664_2
5898,2749594_2
5899,3446360_2
5900,2951234_2
5901,3619143_2
5902,2707028_2
5903,2800187_2
5904,2737751_2
5905,2709598_2
5906,2788533_2
5907,3533949_2
5908,3083907_2
5909,3028209_3
5910,3071873_2
5911,3514164_2
5912,3645215_2
5913,3457495_2
5914,2946823_2
5915,3067443_2
5916,3060083_2
5917,2710842_2
5918,2802710_2
5919,2889063_2
5920,3506072_2
5921,2873055_2
5922,3461143_2
5923,2843975_2
5924,3068972_2
5925,3532092_2
5926,3565793_2
5927,2983779_2
5928,2904563_2
5929,2880966_2
5930,2876729_2
5931,2756784_2
5932,3060508_2
5933,2765785_3
5934,2916277_2
5935,3059069_3
5936,3572309_2
5937,2781233_2
5938,3000790_2
5939,2798069_3
5940,2751613_2
5941,3573562_2
5942,3453783_2
5943,2944292_2
5944,3468623_2
5945,2968176_2
5946,3590523_2
5947,2813665_2
5948,3579728_2
5949,2824779_2
5950,3097100_2
5951,2886208_2
5952,3527661_3
5953,2941543_2
5954,2734799_2
5955,3006659_2
5956,2930273_2
5957,3569497_2
5958,3519823_2
5959,3455831_2
5960,2823007_2
5961,3644369_2
5962,2800191_2
5963,3062002_2
5964,2897420_2
5965,3042322_2
5966,3634165_2
5967,2848366_3
5968,3034320_2
5969,2736149_2
5970,2731191_2
5971,3511946_2
5972,3616135_3
5973,3474147_2
5974,3444014_2
5975,2756733_2
5976,3008621_2
5977,2732579_2
5978,3462969_2
5979,2715841_2
5980,2947776_2
5981,3473230_2
5982,2911314_2
5983,2768952_2
5984,2835436_2
5985,3465023_3
5986,2708567_2
5987,2949283_2
5988,3023050_2
5989,3063364_2
5990,3625357_2
5991,3585702_2
5992,3517332_2
5993,2950217_3
5994,3012525_2
5995,3465342_2
